"","Study_ID","Site_ID","broad_outcome","detailed_outcome","is_subset","Highest_taxonomic_resolution","trophic_group","trophic_assigned","sampling_method","disturbance_type","comparison_type","disturbance_av","control_av","dist_var","control_var","var_type","dist_n","control_n","significant","approx_p_val","exact_p_val","sample_area","sampling_depth","above_below","perc_during_dist","perc_annual_dist","time_after_dist_start","time_after_dist_end","lat","lon","forest_type","deciduous_coniferous","plantation","plot_area","mean_annual_precipitation","mean_annual_temperature","aridity","Functional_group_size","body_length","body_width","min_length","max_length","av_length","min_width","max_width","av_width","control_SD","dist_SD","Article","Did.the.study.consist.of.both.temporal.and.spatial.comparisons.","Did.the.study.use.randomization.","Did.the.study.avoid.confounding.factors.","Can.study.determine.causality.","Validity","study_year","yi","vi","sei","e_n","inv_n_tilda","sqrt_inv_n_tilda"
"1","Ashton_2019a","Ashton_2019a_1","abundance",NA,FALSE,"Isoptera",NA,NA,"visual observation","drought","undisturbed vs disturbed",42.01149425,22.03065134,2.549781187,1.509524917,"SE",32,32,NA,NA,NA,144,10,"belowground",-60,-60,910,NA,4.745833333,116.9722222,"tropical rainforest","deciduous",FALSE,200,NA,NA,1.623237699,"mesofauna","Blattodea","Isoptera",3,100,51.5,0.668875189,3.620652239,2.144763714,8.53916244144608,14.4237405429567,"Ashton et al. 2019","Partially","No","Yes","Yes","Low validity",2019,0.64550852703741,0.00837847057922494,0.0915339859244911,64,0.0625,0.25
"2","Aupic_Samain_2021a","Aupic-Samain_2021a_1","abundance",NA,FALSE,"Acari","predator",NA,"tullgren funnel","drought","undisturbed vs disturbed",5.307692308,3.369230769,1.015384615,0.830769231,"SE",30,30,FALSE,">0.05",NA,NA,0,"aboveground",-30,-30,1460,NA,43.96527778,5.711666667,"temperate seasonal forest","deciduous",FALSE,300,866.3,12.6,0.733106985,"mesofauna","Acari","Acari",0.25,0.75,0.5,0.097692066,2.133966827,1.115829446,4.5503104789992,5.56149058179199,"Aupic-Samain et al. 2021","Partially","Yes","Partially","Yes","Medium validity",2021,0.454472687341323,0.0973967530194058,0.312084528644734,60,0.0666666666666667,0.258198889747161
"3","Aupic_Samain_2021a","Aupic-Samain_2021a_2","abundance",NA,FALSE,"Acari","predator",NA,"tullgren funnel","drought","undisturbed vs disturbed",4.2,8.446153846,0.692307692,1.8,"SE",30,30,TRUE,"<0.05",NA,NA,0,"aboveground",-30,-30,4745,NA,43.74138889,3.594444444,"temperate seasonal forest","mixed",FALSE,300,955.4,14,0.377893997,"mesofauna","Acari","Acari",0.25,0.75,0.5,0.097692066,2.133966827,1.115829446,9.85900603509299,3.79192539642739,"Aupic-Samain et al. 2021","Partially","Yes","Partially","Yes","Medium validity",2021,-0.698626646306356,0.0725885299581436,0.269422586206397,60,0.0666666666666667,0.258198889747161
"4","Aupic_Samain_2021a","Aupic-Samain_2021a_3","abundance",NA,FALSE,"Acari","predator",NA,"tullgren funnel","drought","undisturbed vs disturbed",1.338461538,1.107692308,0.461538462,0.230769231,"SE",30,30,FALSE,">0.05",NA,NA,0,"aboveground",-30,-30,2555,NA,43.24083333,5.677777778,"temperate seasonal forest","mixed",FALSE,300,605,13.7,0.554303149,"mesofauna","Acari","Acari",0.25,0.75,0.5,0.097692066,2.133966827,1.115829446,1.2639751339682,2.52795026793641,"Aupic-Samain et al. 2021","Partially","Yes","Partially","Yes","Medium validity",2021,0.189241999015923,0.162308842369562,0.402875715785354,60,0.0666666666666667,0.258198889747161
"5","Aupic_Samain_2021a","Aupic-Samain_2021a_1","abundance",NA,FALSE,"Collembola","detritivore",NA,"tullgren funnel","drought","undisturbed vs disturbed",10.15151515,7.272727273,1.363636364,1.212121212,"SE",30,30,FALSE,">0.05",NA,NA,0,"aboveground",-30,-30,1460,NA,43.96527778,5.711666667,"temperate seasonal forest","deciduous",FALSE,300,866.3,12.6,0.733106985,"mesofauna","Collembola","Collembola",0.5,7,3.75,0.147379273,1.982891236,1.065135254,6.63906130242902,7.46894396797126,"Aupic-Samain et al. 2021","Partially","Yes","Partially","Yes","Medium validity",2021,0.333491608296321,0.0458218856042621,0.214060471839763,60,0.0666666666666667,0.258198889747161
"6","Aupic_Samain_2021a","Aupic-Samain_2021a_2","abundance",NA,FALSE,"Collembola","detritivore",NA,"tullgren funnel","drought","undisturbed vs disturbed",14.09090909,30.45454545,2.272727273,10,"SE",30,30,TRUE,"<0.05",NA,NA,0,"aboveground",-30,-30,4745,NA,43.74138889,3.594444444,"temperate seasonal forest","mixed",FALSE,300,955.4,14,0.377893997,"mesofauna","Collembola","Collembola",0.5,7,3.75,0.147379273,1.982891236,1.065135254,54.7722557505166,12.448239944793,"Aupic-Samain et al. 2021","Partially","Yes","Partially","Yes","Medium validity",2021,-0.770705414821082,0.133833681588236,0.365832860181034,60,0.0666666666666667,0.258198889747161
"7","Aupic_Samain_2021a","Aupic-Samain_2021a_3","abundance",NA,FALSE,"Collembola","detritivore",NA,"tullgren funnel","drought","undisturbed vs disturbed",13.03030303,23.18181818,1.96969697,3.03030303,"SE",30,30,TRUE,"<0.05",NA,NA,0,"aboveground",-30,-30,2555,NA,43.24083333,5.677777778,"temperate seasonal forest","mixed",FALSE,300,605,13.7,0.554303149,"mesofauna","Collembola","Collembola",0.5,7,3.75,0.147379273,1.982891236,1.065135254,16.5976532560725,10.7884746191858,"Aupic-Samain et al. 2021","Partially","Yes","Partially","Yes","Medium validity",2021,-0.576090625083752,0.0399376342986518,0.19984402492607,60,0.0666666666666667,0.258198889747161
"8","Bakonyi_2007a","Bakonyi_2007a_1","abundance",NA,FALSE,"Nematoda",NA,NA,"Cobb's decanting and sieving method","drought","undisturbed vs disturbed",0.36,0.4,0.1,0.12,"SD",27,27,FALSE,">0.05",0.54,12.6,10,"belowground",-100,-16.67,760,NA,46.88333333,19.38333333,"temperate seasonal forest","mixed",FALSE,20,575,10.5,0.587755142,"microfauna","Nematoda","Nematoda",0.1,5,2.55,0.003285474,0.123567244,0.063426359,0.12,0.1,"Bakonyi et al. 2007","Partially","No","Partially","Yes","Low validity",2007,-0.105360515657826,0.00619112940100594,0.078683730217917,54,0.0740740740740741,0.272165526975909
"9","Homet_2021a","Homet_2021a_1","abundance",NA,FALSE,"Mesofauna",NA,NA,"tullgren funnel","drought","undisturbed vs disturbed",90.83333333,56.66666667,19.16666667,9.166666667,"SE",43,43,FALSE,">0.1",0.87,NA,0,"aboveground",-30,-30,594,NA,36.568749,-5.53564,"temperate seasonal forest","mixed",FALSE,300,1033,NA,0.320887621,"mesofauna",NA,NA,NA,NA,NA,NA,NA,NA,60.1098531416208,125.684238404313,"Homet et al. 2021","Partially","No","Yes","Yes","Low validity",2021,0.471840176957516,0.0706926917305845,0.265880972863017,86,0.0465116279069767,0.215665546406877
"10","Homet_2021a","Homet_2021a_2","abundance",NA,FALSE,"Mesofauna",NA,NA,"tullgren funnel","drought","undisturbed vs disturbed",32.69461078,35.41916168,6.616766467,7.005988024,"SE",43,43,FALSE,">0.1",0.9,NA,0,"aboveground",-30,-30,594,NA,36.568749,-5.53564,"temperate seasonal forest","deciduous",FALSE,300,1033,NA,0.320887621,"mesofauna",NA,NA,NA,NA,NA,NA,NA,NA,45.941335769376,43.3890393370154,"Homet et al. 2021","Partially","No","Yes","Yes","Low validity",2021,-0.0800427077205921,0.0800837593304115,0.282990740714977,86,0.0465116279069767,0.215665546406877
"11","Krashevska_2012a","Krashevska_2012a_1","abundance",NA,FALSE,"Testate amoebae",NA,NA,"Cobb's decanting and sieving method","drought","undisturbed vs disturbed",10,1194,20,645,"SE",4,4,TRUE,"<0.05",NA,78.5,5,"belowground",-100,-100,456.25,NA,-3.975,-79.07361111,"tropical rainforest","mixed",FALSE,2.25,2200,19.4,1.720250085,"microfauna","Testate amoebae",NA,NA,NA,NA,NA,NA,NA,1290,40,"Krashevska et al. 2012","Partially","Yes","Yes","Yes","Medium validity",2012,-4.7824792009585,4.29181712583016,2.07167012958872,8,0.5,0.707106781186548
"12","Krashevska_2012a","Krashevska_2012a_1","abundance",NA,FALSE,"Testate amoebae",NA,NA,NA,"drought","undisturbed vs disturbed",14,55,27,102,"SE",4,4,FALSE,">0.05",NA,78.5,5,"belowground",-100,-100,456.25,NA,-3.975,-79.07361111,"tropical rainforest","mixed",FALSE,2.25,2200,19.4,1.720250085,"microfauna","Testate amoebae",NA,NA,NA,NA,NA,NA,NA,204,54,"Krashevska et al. 2012","Partially","Yes","Yes","Yes","Medium validity",2012,-1.36827585561721,7.15872659807725,2.67557967515027,8,0.5,0.707106781186548
"13","Krashevska_2012a","Krashevska_2012a_1","abundance",NA,FALSE,"Testate amoebae",NA,NA,NA,"drought","undisturbed vs disturbed",1268,5678,986,3587,"SE",4,4,FALSE,">0.06",NA,78.5,5,"belowground",-100,-100,456.25,NA,-3.975,-79.07361111,"tropical rainforest","mixed",FALSE,2.25,2200,19.4,1.720250085,"microfauna","Testate amoebae",NA,NA,NA,NA,NA,NA,NA,7174,1972,"Krashevska et al. 2012","Partially","Yes","Yes","Yes","Medium validity",2012,-1.49915820203575,1.00375672427925,1.00187660132336,8,0.5,0.707106781186548
"14","Krashevska_2012a","Krashevska_2012a_2","abundance",NA,FALSE,"Testate amoebae",NA,NA,NA,"drought","undisturbed vs disturbed",87,1263,95,609,"SE",4,4,TRUE,"<0.05",NA,78.5,5,"belowground",-100,-100,456.25,NA,-3.975,-79.07361111,"tropical rainforest","mixed",FALSE,2.25,3500,15.7,1.720250085,"microfauna","Testate amoebae",NA,NA,NA,NA,NA,NA,NA,1218,190,"Krashevska et al. 2012","Partially","Yes","Yes","Yes","Medium validity",2012,-2.67533700369591,1.42486622597234,1.19367760554194,8,0.5,0.707106781186548
"15","Krashevska_2012a","Krashevska_2012a_2","abundance",NA,FALSE,"Testate amoebae",NA,NA,NA,"drought","undisturbed vs disturbed",4422,4012,3407,1689,"SE",4,4,FALSE,">0.09",NA,78.5,5,"belowground",-100,-100,456.25,NA,-3.975,-79.07361111,"tropical rainforest","mixed",FALSE,2.25,3500,15.7,1.720250085,"microfauna","Testate amoebae",NA,NA,NA,NA,NA,NA,NA,3378,6814,"Krashevska et al. 2012","Partially","Yes","Yes","Yes","Medium validity",2012,0.0973022123355655,0.770847716861698,0.877979337377423,8,0.5,0.707106781186548
"16","Krashevska_2012a","Krashevska_2012a_3","abundance",NA,FALSE,"Testate amoebae",NA,NA,NA,"drought","undisturbed vs disturbed",243,1364,156,357,"SE",4,4,TRUE,"<0.05",NA,78.5,5,"belowground",-100,-100,456.25,NA,-3.975,-79.07361111,"tropical rainforest","mixed",FALSE,2.25,4500,9.4,1.720250085,"microfauna","Testate amoebae",NA,NA,NA,NA,NA,NA,NA,714,312,"Krashevska et al. 2012","Partially","Yes","Yes","Yes","Medium validity",2012,-1.72511539506286,0.480634997261134,0.693278441364747,8,0.5,0.707106781186548
"17","Krashevska_2012a","Krashevska_2012a_3","abundance",NA,FALSE,"Testate amoebae",NA,NA,NA,"drought","undisturbed vs disturbed",392,12,193,14,"SE",4,4,TRUE,"<0.05",NA,78.5,5,"belowground",-100,-100,456.25,NA,-3.975,-79.07361111,"tropical rainforest","mixed",FALSE,2.25,4500,9.4,1.720250085,"microfauna","Testate amoebae",NA,NA,NA,NA,NA,NA,NA,28,386,"Krashevska et al. 2012","Partially","Yes","Yes","Yes","Medium validity",2012,3.48635519000246,1.60351661923273,1.26630036690855,8,0.5,0.707106781186548
"18","Krashevska_2012a","Krashevska_2012a_3","abundance",NA,FALSE,"Testate amoebae",NA,NA,NA,"drought","undisturbed vs disturbed",3555,1905,1224,727,"SE",4,4,FALSE,">0.1",NA,78.5,5,"belowground",-100,-100,456.25,NA,-3.975,-79.07361111,"tropical rainforest","mixed",FALSE,2.25,4500,9.4,1.720250085,"microfauna","Testate amoebae",NA,NA,NA,NA,NA,NA,NA,1454,2448,"Krashevska et al. 2012","Partially","Yes","Yes","Yes","Medium validity",2012,0.62387305467654,0.264184498452139,0.5139888116021,8,0.5,0.707106781186548
"19","Krashevska_2012a","Krashevska_2012a_2","abundance",NA,FALSE,"Collembola",NA,"fungivore",NA,"drought","undisturbed vs disturbed",24.57337884,65.80204778,3.549488055,5.733788396,"SE",24,24,NA,NA,NA,78.5,10,"belowground",-100,-100,182.5,NA,-3.975,-79.07361111,"tropical rainforest","mixed",FALSE,2.25,3500,15.7,1.720250085,"mesofauna","Collembola","Collembola",0.5,7,3.75,0.147379273,1.982891236,1.065135254,28.0897117265824,17.3888691657078,"Krashevska et al. 2012","Partially","Yes","Yes","Yes","Medium validity",2012,-0.984987263119864,0.0284570420112166,0.168692151599346,48,0.0833333333333333,0.288675134594813
"20","Krashevska_2012a","Krashevska_2012a_2","abundance",NA,FALSE,"Collembola",NA,"fungivore",NA,"drought","undisturbed vs disturbed",14.47098976,65.80204778,1.638225256,5.733788396,"SE",24,24,NA,NA,NA,78.5,10,"belowground",-100,-100,30,NA,-3.975,-79.07361111,"tropical rainforest","mixed",FALSE,2.25,3500,15.7,1.720250085,"mesofauna","Collembola","Collembola",0.5,7,3.75,0.147379273,1.982891236,1.065135254,28.0897117265824,8.02563192188069,"Krashevska et al. 2012","Partially","Yes","Yes","Yes","Medium validity",2012,-1.51450501999015,0.0204087932150004,0.142859347664059,48,0.0833333333333333,0.288675134594813
"21","Kuperman_2002a","Kuperman_2002a_1","abundance",NA,FALSE,"Collembola",NA,"fungivore",NA,"drought","undisturbed vs disturbed",42.8668942,25.66552901,6.825938567,3.822525597,"SE",24,24,NA,NA,NA,78.5,10,"belowground",-100,-100,182.5,NA,38.717428,-83.446694,"temperate seasonal forest","deciduous",FALSE,NA,NA,NA,1.535361648,"mesofauna","Collembola","Collembola",0.5,7,3.75,0.147379273,1.982891236,1.065135254,18.7264744827553,33.4401330094692,"Kuperman et al. 2002","Partially","Yes","Yes","Partially","Medium validity",2002,0.512951023135383,0.0475379810107665,0.218032064180401,48,0.0833333333333333,0.288675134594813
"22","Kuperman_2002a","Kuperman_2002a_1","abundance",NA,FALSE,"Collembola",NA,"fungivore",NA,"drought","undisturbed vs disturbed",15.56313993,25.66552901,15.56313993,3.822525597,"SE",24,24,NA,NA,NA,78.5,10,"belowground",NA,NA,30,NA,38.717428,-83.446694,"temperate seasonal forest","deciduous",FALSE,NA,NA,NA,1.535361648,"mesofauna","Collembola","Collembola",0.5,7,3.75,0.147379273,1.982891236,1.065135254,18.7264744827553,76.2435032480686,"Kuperman et al. 2002","Partially","Yes","Yes","Partially","Medium validity",2002,-0.500243514537987,1.02218198279493,1.01103015919157,48,0.0833333333333333,0.288675134594813
"23","Kuperman_2002a","Kuperman_2002a_3","abundance",NA,FALSE,"Collembola",NA,"fungivore",NA,"drought","undisturbed vs disturbed",15.83617747,53.7883959,3.549488055,5.187713311,"SE",24,24,NA,NA,NA,78.5,10,"belowground",-100,-100,182.5,NA,37.628727,-89.158503,"temperate seasonal forest","deciduous",FALSE,NA,NA,NA,1.541863063,"mesofauna","Collembola","Collembola",0.5,7,3.75,0.147379273,1.982891236,1.065135254,25.4145010875885,17.3888691657078,"Kuperman et al. 2002","Partially","Yes","Yes","Partially","Medium validity",2002,-1.2227607183871,0.0595397782093082,0.244007742109361,48,0.0833333333333333,0.288675134594813
"24","Kuperman_2002a","Kuperman_2002a_3","abundance",NA,FALSE,"Collembola",NA,"fungivore",NA,"drought","undisturbed vs disturbed",3.003412969,53.7883959,0.273037543,5.187713311,"SE",24,24,NA,NA,NA,78.5,10,"belowground",NA,NA,30,NA,37.628727,-89.158503,"temperate seasonal forest","deciduous",FALSE,NA,NA,NA,1.541863063,"mesofauna","Collembola","Collembola",0.5,7,3.75,0.147379273,1.982891236,1.065135254,25.4145010875885,1.33760532194644,"Kuperman et al. 2002","Partially","Yes","Yes","Partially","Medium validity",2002,-2.88530845595145,0.0175664288737763,0.132538405278532,48,0.0833333333333333,0.288675134594813
"25","Landesman_2011a","Landesman_2011a_1","abundance",NA,FALSE,"Nematoda",NA,NA,"Cobb's decanting and sieving method","drought","undisturbed vs disturbed",12.60869565,105.6521739,10,13.47826087,"SE",4,4,TRUE,"<0.05",NA,NA,3,"belowground",-100,-100,425,NA,39.957455,-74.627963,"temperate seasonal forest","mixed",FALSE,4.75,1344,NA,1.453670017,"microfauna","Nematoda","Nematoda",0.1,5,2.55,0.003285474,0.123567244,0.063426359,26.95652174,20,"Landesman et al. 2011","Partially","No","Partially","Yes","Low validity",2011,-2.12576561340303,0.645287699272934,0.803298013985429,8,0.5,0.707106781186548
"26","Lensing_2005a","Lensing_2005a_1","abundance",NA,FALSE,"Araneida",NA,"predator","pitfall traps","drought","undisturbed vs disturbed",3.214545455,2.374545455,0.941818182,0.712727273,"SE",5,5,NA,NA,NA,63.62,0,"aboveground",-100,-100,21,NA,37.719113,-84.338822,"temperate seasonal forest","deciduous",FALSE,4,NA,NA,1.448496973,"macrofauna","Araneae","Araneida",0.43,100,50.215,1.435450768,28.29256964,14.8640102,1.59370663184605,2.10596947739727,"Lensing et al. 2005","Partially","Yes","No","Partially","Low validity",2005,0.302879933311191,0.175932952542215,0.419443622602865,10,0.4,0.632455532033676
"27","Lensing_2005a","Lensing_2005a_1","abundance",NA,FALSE,"Araneida",NA,"predator","pitfall traps","drought","undisturbed vs disturbed",4.232727273,2.603636364,0.56,0.941818182,"SE",5,5,NA,NA,NA,63.62,0,"aboveground",-100,-100,28,NA,37.719113,-84.338822,"temperate seasonal forest","deciduous",FALSE,4,NA,NA,1.448496973,"macrofauna","Araneae","Araneida",0.43,100,50.215,1.435450768,28.29256964,14.8640102,2.10596947739727,1.25219806739988,"Lensing et al. 2005","Partially","Yes","No","Partially","Low validity",2005,0.485937461255506,0.148353853168818,0.385167305425601,10,0.4,0.632455532033676
"28","Lensing_2005a","Lensing_2005a_1","abundance",NA,FALSE,"Araneida",NA,"predator","pitfall traps","drought","undisturbed vs disturbed",5.632727273,4.232727273,1.501818182,0.941818182,"SE",5,5,TRUE,"<0.05",0.043,63.62,0,"aboveground",-100,-100,46,NA,37.719113,-84.338822,"temperate seasonal forest","deciduous",FALSE,4,NA,NA,1.448496973,"macrofauna","Araneae","Araneida",0.43,100,50.215,1.435450768,28.29256964,14.8640102,2.10596947739727,3.35816754479715,"Lensing et al. 2005","Partially","Yes","No","Partially","Low validity",2005,0.285747212109471,0.120598232207298,0.347272561840549,10,0.4,0.632455532033676
"29","Lensing_2005a","Lensing_2005a_1","abundance",NA,FALSE,"Araneida",NA,"predator","pitfall traps","drought","undisturbed vs disturbed",4.64,2.4,0.916363636,0.254545455,"SE",5,5,NA,NA,NA,63.62,0,"aboveground",-100,-100,58,NA,37.719113,-84.338822,"temperate seasonal forest","deciduous",FALSE,4,NA,NA,1.448496973,"macrofauna","Araneae","Araneida",0.43,100,50.215,1.435450768,28.29256964,14.8640102,0.569180940743614,2.04905138220487,"Lensing et al. 2005","Partially","Yes","No","Partially","Low validity",2005,0.659245628884264,0.0502520066172958,0.224169593427155,10,0.4,0.632455532033676
"30","Lensing_2005a","Lensing_2005a_1","abundance",NA,FALSE,"Collembola",NA,"fungivore","pitfall traps","drought","undisturbed vs disturbed",54.7826087,148.115942,13.1884058,22.31884058,"SE",5,5,NA,NA,NA,63.62,0,"aboveground",-100,-100,21,NA,37.719113,-84.338822,"temperate seasonal forest","deciduous",FALSE,4,NA,NA,1.448496973,"mesofauna","Collembola","Collembola",0.5,7,3.75,0.147379273,1.982891236,1.065135254,49.9064447158608,29.4901718836525,"Lensing et al. 2005","Partially","Yes","No","Partially","Low validity",2005,-0.994622574869002,0.0806620528613769,0.284010656246164,10,0.4,0.632455532033676
"31","Lensing_2005a","Lensing_2005a_1","abundance",NA,FALSE,"Collembola",NA,"fungivore","pitfall traps","drought","undisturbed vs disturbed",70,153.1884058,13.1884058,22.31884058,"SE",5,5,NA,NA,NA,63.62,0,"aboveground",-100,-100,28,NA,37.719113,-84.338822,"temperate seasonal forest","deciduous",FALSE,4,NA,NA,1.448496973,"mesofauna","Collembola","Collembola",0.5,7,3.75,0.147379273,1.982891236,1.065135254,49.9064447158608,29.4901718836525,"Lensing et al. 2005","Partially","Yes","No","Partially","Low validity",2005,-0.783173332236586,0.0567238835573466,0.238167763472193,10,0.4,0.632455532033676
"32","Lensing_2005a","Lensing_2005a_1","abundance",NA,FALSE,"Collembola",NA,"fungivore","pitfall traps","drought","undisturbed vs disturbed",141.0144928,283.0434783,17.24637681,21.30434783,"SE",5,5,NA,NA,NA,63.62,0,"aboveground",-100,-100,46,NA,37.719113,-84.338822,"temperate seasonal forest","deciduous",FALSE,4,NA,NA,1.448496973,"mesofauna","Collembola","Collembola",0.5,7,3.75,0.147379273,1.982891236,1.065135254,47.6379699641801,38.564070912736,"Lensing et al. 2005","Partially","Yes","No","Partially","Low validity",2005,-0.696737848500043,0.0206232127495724,0.143607843621344,10,0.4,0.632455532033676
"33","Lensing_2005a","Lensing_2005a_1","abundance",NA,FALSE,"Collembola",NA,"fungivore","pitfall traps","drought","undisturbed vs disturbed",36.52173913,73.04347826,2.028985507,5.072463768,"SE",5,5,TRUE,"<0.001",NA,63.62,0,"aboveground",-100,-100,58,NA,37.719113,-84.338822,"temperate seasonal forest","deciduous",FALSE,4,NA,NA,1.448496973,"mesofauna","Collembola","Collembola",0.5,7,3.75,0.147379273,1.982891236,1.065135254,11.3423737986527,4.53694951901388,"Lensing et al. 2005","Partially","Yes","No","Partially","Low validity",2005,-0.693147180559945,0.00790895061650224,0.0889322810710613,10,0.4,0.632455532033676
"34","Lindberg_2002a","Lindberg_2002a_1","abundance",NA,FALSE,"Collembola",NA,"fungivore","high-gradient canister","drought","undisturbed vs disturbed",12800,38000,7800,6300,"SE",4,4,FALSE,">0.05",NA,100,10,"belowground",-70,-35,2555,NA,56.55,13.21666667,"boreal forest","coniferous",TRUE,506.25,1150,7.5,2.167902126,"mesofauna","Collembola","Collembola",0.5,7,3.75,0.147379273,1.982891236,1.065135254,12600,15600,"Lindberg et al. 2002","Partially","Yes","Yes","Yes","Medium validity",2002,-1.08814098880081,0.398824040209488,0.631525169893875,8,0.5,0.707106781186548
"35","Lindberg_2002a","Lindberg_2002a_1","abundance",NA,FALSE,"Enchytraeidae","omnivore",NA,"baerman funnel","drought","undisturbed vs disturbed",3300,36600,1900,8700,"SE",4,4,TRUE,"<0.05",NA,15.9,15,"belowground",-70,-35,2555,NA,56.55,13.21666667,"boreal forest","coniferous",TRUE,506.25,1150,7.5,2.167902126,"mesofauna","Enchytraeidae","Enchytraeidae",150,2000,1075,0.521102631,2.07220232,1.296652476,17400,3800,"Lindberg et al. 2002","Partially","Yes","Yes","Yes","Medium validity",2002,-2.40612577193489,0.388000414099215,0.622896792493921,8,0.5,0.707106781186548
"36","Lindberg_2002a","Lindberg_2002a_1","abundance",NA,FALSE,"Macroarthropods","predator",NA,"tullgren funnel","drought","undisturbed vs disturbed",190,860,70,100,"SE",4,4,TRUE,"<0.05",NA,100,10,"belowground",-70,-35,2555,NA,56.55,13.21666667,"boreal forest","coniferous",TRUE,506.25,1150,7.5,2.167902126,"macrofauna","Macroarthropods","Macroarthropods",NA,NA,47.5,2,28.29256964,15.14628482,200,140,"Lindberg et al. 2002","Partially","Yes","Yes","Yes","Medium validity",2002,-1.50990831708707,0.149254894088142,0.386335209485419,8,0.5,0.707106781186548
"37","Lindberg_2002a","Lindberg_2002a_1","abundance",NA,FALSE,"Mesostigmata",NA,"predator","high-gradient canister","drought","undisturbed vs disturbed",2100,7400,430,690,"SE",4,4,FALSE,">0.05",NA,100,10,"belowground",-70,-35,2555,NA,56.55,13.21666667,"boreal forest","coniferous",TRUE,506.25,1150,7.5,2.167902126,"mesofauna","Mesostigmata","Mesostigmata",0.3,1.5,0.9,0.2,4,2.1,1380,860,"Lindberg et al. 2002","Partially","Yes","Yes","Yes","Medium validity",2002,-1.25954265548075,0.050621740052242,0.224992755555022,8,0.5,0.707106781186548
"38","Lindberg_2002a","Lindberg_2002a_1","abundance",NA,FALSE,"Oribatida",NA,NA,"high-gradient canister","drought","undisturbed vs disturbed",70200,220000,33800,32600,"SE",4,4,TRUE,"<0.05",NA,100,10,"belowground",-70,-35,2555,NA,56.55,13.21666667,"boreal forest","coniferous",TRUE,506.25,1150,7.5,2.167902126,"mesofauna","Oribatida","Acari",0.2,1.8,1,0.097692066,2.133966827,1.115829446,65200,67600,"Lindberg et al. 2002","Partially","Yes","Yes","Yes","Medium validity",2002,-1.1422792353206,0.253782268249272,0.503768069898512,8,0.5,0.707106781186548
"39","Lindberg_2006a","Lindberg_2006a_1","abundance",NA,FALSE,"Collembola",NA,"fungivore","tullgren funnel","drought","undisturbed vs disturbed",8064.516129,33724.34018,733.1378299,10997.06745,"SE",4,4,TRUE,"<0.05",0.005,7854,10,"belowground",-70,-35,2190,NA,56.55,13.21666667,"boreal forest","coniferous",TRUE,506.25,1150,7.5,2.167902126,"mesofauna","Collembola","Collembola",0.5,7,3.75,0.147379273,1.982891236,1.065135254,21994.1349,1466.2756598,"Lindberg and Bengtsson, 2006","Partially","Yes","Yes","Yes","Medium validity",2006,-1.43074612381472,0.114597166023323,0.33852203181377,8,0.5,0.707106781186548
"40","Lindberg_2006a","Lindberg_2006a_1","abundance",NA,FALSE,"Collembola",NA,"fungivore","tullgren funnel","drought","undisturbed vs disturbed",25659.82405,34457.47801,19794.72141,5131.964809,"SE",4,4,TRUE,"<0.05",0.008,7854,10,"belowground",-70,-35,2555,NA,56.55,13.21666667,"boreal forest","coniferous",TRUE,506.25,1150,7.5,2.167902126,"mesofauna","Collembola","Collembola",0.5,7,3.75,0.147379273,1.982891236,1.065135254,10263.929618,39589.44282,"Lindberg and Bengtsson, 2006","Partially","Yes","Yes","Yes","Medium validity",2006,-0.294799540220645,0.617284023605328,0.785674247767691,8,0.5,0.707106781186548
"41","Lindberg_2006a","Lindberg_2006a_1","abundance",NA,FALSE,"Collembola",NA,"fungivore","tullgren funnel","drought","undisturbed vs disturbed",65249.26686,118035.1906,17595.30792,16129.03226,"SE",4,4,FALSE,NA,NA,7854,10,"belowground",-70,-35,2920,NA,56.55,13.21666667,"boreal forest","coniferous",TRUE,506.25,1150,7.5,2.167902126,"mesofauna","Collembola","Collembola",0.5,7,3.75,0.147379273,1.982891236,1.065135254,32258.06452,35190.61584,"Lindberg and Bengtsson, 2006","Partially","Yes","Yes","Yes","Medium validity",2006,-0.59276799515142,0.0913902103130944,0.302308138019959,8,0.5,0.707106781186548
"42","Lindberg_2006a","Lindberg_2006a_1","abundance",NA,FALSE,"Collembola",NA,"fungivore","tullgren funnel","drought","undisturbed vs disturbed",30791.78886,50586.51026,3665.68915,5865.102639,"SE",4,4,FALSE,NA,NA,7854,10,"belowground",-70,-35,3285,NA,56.55,13.21666667,"boreal forest","coniferous",TRUE,506.25,1150,7.5,2.167902126,"mesofauna","Collembola","Collembola",0.5,7,3.75,0.147379273,1.982891236,1.065135254,11730.205278,7331.3783,"Lindberg and Bengtsson, 2006","Partially","Yes","Yes","Yes","Medium validity",2006,-0.49643688611621,0.027614889686914,0.166177283907621,8,0.5,0.707106781186548
"43","Lindberg_2006a","Lindberg_2006a_1","abundance",NA,FALSE,"Collembola",NA,"fungivore","tullgren funnel","drought","undisturbed vs disturbed",38123.16716,34457.47801,2199.41349,5131.964809,"SE",4,4,FALSE,NA,NA,7854,10,"belowground",-70,-35,NA,365,56.55,13.21666667,"boreal forest","coniferous",TRUE,506.25,1150,7.5,2.167902126,"mesofauna","Collembola","Collembola",0.5,7,3.75,0.147379273,1.982891236,1.065135254,10263.929618,4398.82698,"Lindberg and Bengtsson, 2006","Partially","Yes","Yes","Yes","Medium validity",2006,0.101096116871369,0.0255103851558653,0.159719708100989,8,0.5,0.707106781186548
"44","Lindberg_2006a","Lindberg_2006a_1","abundance",NA,FALSE,"Collembola",NA,"fungivore","tullgren funnel","drought","undisturbed vs disturbed",159090.9091,118035.1906,28592.37537,16129.03226,"SE",4,4,FALSE,NA,NA,7854,10,"belowground",-70,-35,NA,730,56.55,13.21666667,"boreal forest","coniferous",TRUE,506.25,1150,7.5,2.167902126,"mesofauna","Collembola","Collembola",0.5,7,3.75,0.147379273,1.982891236,1.065135254,32258.06452,57184.75074,"Lindberg and Bengtsson, 2006","Partially","Yes","Yes","Yes","Medium validity",2006,0.298492988747301,0.0509726564252274,0.225771248003875,8,0.5,0.707106781186548
"45","Lindberg_2006a","Lindberg_2006a_1","abundance",NA,FALSE,"Collembola",NA,"fungivore","tullgren funnel","drought","undisturbed vs disturbed",60850.43988,50586.51026,8064.516129,5865.102639,"SE",4,4,FALSE,NA,NA,7854,10,"belowground",-70,-35,NA,1095,56.55,13.21666667,"boreal forest","coniferous",TRUE,506.25,1150,7.5,2.167902126,"mesofauna","Collembola","Collembola",0.5,7,3.75,0.147379273,1.982891236,1.065135254,11730.205278,16129.032258,"Lindberg and Bengtsson, 2006","Partially","Yes","Yes","Yes","Medium validity",2006,0.184734103232682,0.0310067869223782,0.176087441126215,8,0.5,0.707106781186548
"46","Lindberg_2006a","Lindberg_2006a_1","abundance",NA,FALSE,"Mesostigmata",NA,"predator","tullgren funnel","drought","undisturbed vs disturbed",1552.795031,7608.695652,NA,854.0372671,"SE",4,4,TRUE,"<0.001",NA,7854,10,"belowground",-70,-35,2190,NA,56.55,13.21666667,"boreal forest","coniferous",TRUE,506.25,1150,7.5,2.167902126,"mesofauna","Mesostigmata","Mesostigmata",0.3,1.5,0.9,0.2,4,2.1,1708.0745342,774.490943039534,"Lindberg and Bengtsson, 2006","Partially","Yes","Yes","Yes","Medium validity",2006,-1.58923520512972,0.0747923358461285,0.273481874803667,8,0.5,0.707106781186548
"47","Lindberg_2006a","Lindberg_2006a_1","abundance",NA,FALSE,"Mesostigmata",NA,"predator","tullgren funnel","drought","undisturbed vs disturbed",2251.552795,7453.416149,310.5590062,543.4782609,"SE",4,4,TRUE,"<0.001",NA,7854,10,"belowground",-70,-35,2555,NA,56.55,13.21666667,"boreal forest","coniferous",TRUE,506.25,1150,7.5,2.167902126,"mesofauna","Mesostigmata","Mesostigmata",0.3,1.5,0.9,0.2,4,2.1,1086.9565218,621.1180124,"Lindberg and Bengtsson, 2006","Partially","Yes","Yes","Yes","Medium validity",2006,-1.19705236148599,0.0243418105511097,0.156018622449725,8,0.5,0.707106781186548
"48","Lindberg_2006a","Lindberg_2006a_1","abundance",NA,FALSE,"Mesostigmata",NA,"predator","tullgren funnel","drought","undisturbed vs disturbed",7763.975155,18322.98137,2018.63354,1785.714286,"SE",4,4,TRUE,"<0.001",NA,7854,10,"belowground",-70,-35,2920,NA,56.55,13.21666667,"boreal forest","coniferous",TRUE,506.25,1150,7.5,2.167902126,"mesofauna","Mesostigmata","Mesostigmata",0.3,1.5,0.9,0.2,4,2.1,3571.428572,4037.26708,"Lindberg and Bengtsson, 2006","Partially","Yes","Yes","Yes","Medium validity",2006,-0.858661619266739,0.0770979890628728,0.277665246408103,8,0.5,0.707106781186548
"49","Lindberg_2006a","Lindberg_2006a_1","abundance",NA,FALSE,"Mesostigmata",NA,"predator","tullgren funnel","drought","undisturbed vs disturbed",7375.776398,11645.96273,698.757764,698.757764,"SE",4,4,TRUE,"<0.01",0.062,7854,10,"belowground",-70,-35,3285,NA,56.55,13.21666667,"boreal forest","coniferous",TRUE,506.25,1150,7.5,2.167902126,"mesofauna","Mesostigmata","Mesostigmata",0.3,1.5,0.9,0.2,4,2.1,1397.515528,1397.515528,"Lindberg and Bengtsson, 2006","Partially","Yes","Yes","Yes","Medium validity",2006,-0.456758402179364,0.0125750692535975,0.112138616246133,8,0.5,0.707106781186548
"50","Lindberg_2006a","Lindberg_2006a_1","abundance",NA,FALSE,"Mesostigmata",NA,"predator","tullgren funnel","drought","undisturbed vs disturbed",1863.354037,7453.416149,931.6770186,543.4782609,"SE",4,4,FALSE,NA,NA,7854,10,"belowground",-70,-35,NA,365,56.55,13.21666667,"boreal forest","coniferous",TRUE,506.25,1150,7.5,2.167902126,"mesofauna","Mesostigmata","Mesostigmata",0.3,1.5,0.9,0.2,4,2.1,1086.9565218,1863.3540372,"Lindberg and Bengtsson, 2006","Partially","Yes","Yes","Yes","Medium validity",2006,-1.38629436125406,0.255316840332137,0.505288868205245,8,0.5,0.707106781186548
"51","Lindberg_2006a","Lindberg_2006a_1","abundance",NA,FALSE,"Mesostigmata",NA,"predator","tullgren funnel","drought","undisturbed vs disturbed",3416.149068,18322.98137,1708.074534,1785.714286,"SE",4,4,FALSE,NA,NA,7854,10,"belowground",-70,-35,NA,730,56.55,13.21666667,"boreal forest","coniferous",TRUE,506.25,1150,7.5,2.167902126,"mesofauna","Mesostigmata","Mesostigmata",0.3,1.5,0.9,0.2,4,2.1,3571.428572,3416.149068,"Lindberg and Bengtsson, 2006","Partially","Yes","Yes","Yes","Medium validity",2006,-1.67964217139511,0.259497989082966,0.509409451309029,8,0.5,0.707106781186548
"52","Lindberg_2006a","Lindberg_2006a_1","abundance",NA,FALSE,"Mesostigmata",NA,"predator","tullgren funnel","drought","undisturbed vs disturbed",3105.590062,11645.96273,1552.795031,698.757764,"SE",4,4,FALSE,NA,NA,7854,10,"belowground",-70,-35,NA,1095,56.55,13.21666667,"boreal forest","coniferous",TRUE,506.25,1150,7.5,2.167902126,"mesofauna","Mesostigmata","Mesostigmata",0.3,1.5,0.9,0.2,4,2.1,1397.515528,3105.590062,"Lindberg and Bengtsson, 2006","Partially","Yes","Yes","Yes","Medium validity",2006,-1.32175583976765,0.253600000002061,0.503587132482613,8,0.5,0.707106781186548
"53","Lindberg_2006a","Lindberg_2006a_1","abundance",NA,FALSE,"Oribatida",NA,NA,"tullgren funnel","drought","undisturbed vs disturbed",15759.31232,119627.5072,5014.326648,28653.29513,"SE",4,4,TRUE,"<0.001",NA,7854,10,"belowground",-70,-35,2190,NA,56.55,13.21666667,"boreal forest","coniferous",TRUE,506.25,1150,7.5,2.167902126,"mesofauna","Oribatida","Acari",0.2,1.8,1,0.097692066,2.133966827,1.115829446,57306.59026,10028.653296,"Lindberg and Bengtsson, 2006","Partially","Yes","Yes","Yes","Medium validity",2006,-2.02695135942321,0.158609958781319,0.398258658137296,8,0.5,0.707106781186548
"54","Lindberg_2006a","Lindberg_2006a_1","abundance",NA,FALSE,"Oribatida",NA,NA,"tullgren funnel","drought","undisturbed vs disturbed",37249.28367,131805.1576,15042.97994,13610.31519,"SE",4,4,TRUE,"<0.001",NA,7854,10,"belowground",-70,-35,2555,NA,56.55,13.21666667,"boreal forest","coniferous",TRUE,506.25,1150,7.5,2.167902126,"mesofauna","Oribatida","Acari",0.2,1.8,1,0.097692066,2.133966827,1.115829446,27220.63038,30085.95988,"Lindberg and Bengtsson, 2006","Partially","Yes","Yes","Yes","Medium validity",2006,-1.26369203901589,0.173754523085237,0.416838725510523,8,0.5,0.707106781186548
"55","Lindberg_2006a","Lindberg_2006a_1","abundance",NA,FALSE,"Oribatida",NA,NA,"tullgren funnel","drought","undisturbed vs disturbed",131805.1576,179799.4269,19340.97421,16475.6447,"SE",4,4,FALSE,NA,NA,7854,10,"belowground",-70,-35,2920,NA,56.55,13.21666667,"boreal forest","coniferous",TRUE,506.25,1150,7.5,2.167902126,"mesofauna","Oribatida","Acari",0.2,1.8,1,0.097692066,2.133966827,1.115829446,32951.2894,38681.94842,"Lindberg and Bengtsson, 2006","Partially","Yes","Yes","Yes","Medium validity",2006,-0.310517181280983,0.0299290645140386,0.173000186456658,8,0.5,0.707106781186548
"56","Lindberg_2006a","Lindberg_2006a_1","abundance",NA,FALSE,"Oribatida",NA,NA,"tullgren funnel","drought","undisturbed vs disturbed",138968.4814,120343.8395,58022.92264,13610.31519,"SE",4,4,FALSE,NA,NA,7854,10,"belowground",-70,-35,3285,NA,56.55,13.21666667,"boreal forest","coniferous",TRUE,506.25,1150,7.5,2.167902126,"mesofauna","Oribatida","Acari",0.2,1.8,1,0.097692066,2.133966827,1.115829446,27220.63038,116045.84528,"Lindberg and Bengtsson, 2006","Partially","Yes","Yes","Yes","Medium validity",2006,0.143894180182627,0.187118304140112,0.432571732941615,8,0.5,0.707106781186548
"57","Lindberg_2006a","Lindberg_2006a_1","abundance",NA,FALSE,"Oribatida",NA,NA,"tullgren funnel","drought","undisturbed vs disturbed",69484.24069,131805.1576,8595.988539,13610.31519,"SE",4,4,TRUE,"<0.1",0.053,7854,10,"belowground",-70,-35,NA,365,56.55,13.21666667,"boreal forest","coniferous",TRUE,506.25,1150,7.5,2.167902126,"mesofauna","Oribatida","Acari",0.2,1.8,1,0.097692066,2.133966827,1.115829446,27220.63038,17191.977078,"Lindberg and Bengtsson, 2006","Partially","Yes","Yes","Yes","Medium validity",2006,-0.640224779124374,0.0259673028838543,0.161143733616465,8,0.5,0.707106781186548
"58","Lindberg_2006a","Lindberg_2006a_1","abundance",NA,FALSE,"Oribatida",NA,NA,"tullgren funnel","drought","undisturbed vs disturbed",128223.4957,179799.4269,17191.97708,16475.6447,"SE",4,4,FALSE,NA,NA,7854,10,"belowground",-70,-35,NA,730,56.55,13.21666667,"boreal forest","coniferous",TRUE,506.25,1150,7.5,2.167902126,"mesofauna","Oribatida","Acari",0.2,1.8,1,0.097692066,2.133966827,1.115829446,32951.2894,34383.95416,"Lindberg and Bengtsson, 2006","Partially","Yes","Yes","Yes","Medium validity",2006,-0.33806713311703,0.0263736591371515,0.162399689461377,8,0.5,0.707106781186548
"59","Lindberg_2006a","Lindberg_2006a_1","abundance",NA,FALSE,"Oribatida",NA,NA,"tullgren funnel","drought","undisturbed vs disturbed",136103.1519,120343.8395,32951.2894,13610.31519,"SE",4,4,FALSE,NA,NA,7854,10,"belowground",-70,-35,NA,1095,56.55,13.21666667,"boreal forest","coniferous",TRUE,506.25,1150,7.5,2.167902126,"mesofauna","Oribatida","Acari",0.2,1.8,1,0.097692066,2.133966827,1.115829446,27220.63038,65902.5788,"Lindberg and Bengtsson, 2006","Partially","Yes","Yes","Yes","Medium validity",2006,0.123060093378255,0.0714054913182442,0.267218059491203,8,0.5,0.707106781186548
"60","Peguero_2021a","Peguero_2021a_1","abundance",NA,FALSE,"arthropods","predator",NA,"berlese funnel","drought","undisturbed vs disturbed",2.245024876,2.493781095,0.672351577,0.563187062,"SE",12,12,TRUE,"<0.05",NA,NA,NA,"belowground",-30,-30,6204,NA,41.35,1.033333333,"temperate seasonal forest","deciduous",FALSE,150,610,12.1,0.445498008,NA,NA,NA,NA,NA,NA,NA,NA,NA,1.95093721109889,2.32909418382612,"Peguero et al. 2021","Partially","Yes","Yes","Yes","Medium validity",2021,-0.105083468994793,0.140693519026323,0.375091347575924,24,0.166666666666667,0.408248290463863
"61","Peguero_2021a","Peguero_2021a_1","abundance",NA,FALSE,"Collembola","detritivore",NA,"berlese funnel","drought","undisturbed vs disturbed",4.071428571,3.839285714,1.353679788,1.382609978,"SE",12,12,TRUE,"<0.05",NA,NA,NA,"belowground",-30,-30,6204,NA,41.35,1.033333333,"temperate seasonal forest","deciduous",FALSE,150,610,12.1,0.445498008,"mesofauna","Collembola","Collembola",0.5,7,3.75,0.147379273,1.982891236,1.065135254,4.78950145789538,4.68928433999013,"Peguero et al. 2021","Partially","Yes","Yes","Yes","Medium validity",2021,0.0587076007959335,0.240232398638864,0.490135082032356,24,0.166666666666667,0.408248290463863
"62","Peguero_2021a","Peguero_2021a_1","abundance",NA,FALSE,"Mesostigmata","predator",NA,"berlese funnel","drought","undisturbed vs disturbed",2.578125,6.754261364,0.83807699,2.129048993,"SE",12,12,TRUE,"<0.001",NA,NA,NA,"belowground",-30,-30,6204,NA,41.35,1.033333333,"temperate seasonal forest","deciduous",FALSE,150,610,12.1,0.445498008,"mesofauna","Mesostigmata","Mesostigmata",0.3,1.5,0.9,0.2,4,2.1,7.37524205535871,2.90318385466879,"Peguero et al. 2021","Partially","Yes","Yes","Yes","Medium validity",2021,-0.963111228334378,0.205032907775739,0.452805596007535,24,0.166666666666667,0.408248290463863
"63","Peguero_2021a","Peguero_2021a_1","abundance",NA,FALSE,"Oribatida","detritivore",NA,"berlese funnel","drought","undisturbed vs disturbed",17.88194444,27.08333333,5.397922304,8.513689501,"SE",12,12,TRUE,"<0.001",NA,NA,NA,"belowground",-30,-30,6204,NA,41.35,1.033333333,"temperate seasonal forest","deciduous",FALSE,150,610,12.1,0.445498008,"mesofauna","Oribatida","Acari",0.2,1.8,1,0.097692066,2.133966827,1.115829446,29.4922855511954,18.6989513716745,"Peguero et al. 2021","Partially","Yes","Yes","Yes","Medium validity",2021,-0.415127019145368,0.18993904796788,0.435819971969941,24,0.166666666666667,0.408248290463863
"64","Pflug_2001a","Pflug_2001a_1","abundance",NA,FALSE,"Collembola",NA,"fungivore","high-gradient canister","drought","undisturbed vs disturbed",0.88,3.27,NA,NA,NA,4,4,TRUE,"<0.05",NA,NA,0,"aboveground",-100,-75,365,NA,50.58426318,8.677588613,"temperate seasonal forest","coniferous",FALSE,NA,NA,NA,0.642986355,"mesofauna","Collembola","Collembola",0.5,7,3.75,0.147379273,1.982891236,1.065135254,1.54504363191865,0.438919507255166,"Pflug and Wolters, 2001","Partially","Yes","Yes","Yes","Medium validity",2001,-1.31262335641905,0.11800521497819,0.343518871356713,8,0.5,0.707106781186548
"65","Santonja_2017a","Santonja_2017a_1","abundance",NA,FALSE,"Entomobryomorpha",NA,"fungivore","tullgren funnel","drought","undisturbed vs disturbed",27.91666667,46.79166667,NA,NA,NA,24,24,NA,NA,NA,NA,0,"aboveground",-34.25,-34.25,730,NA,43.96527778,5.711666667,"temperate seasonal forest","deciduous",FALSE,300,839.5,12.3,0.733106985,"mesofauna","Collembola","Collembola",0.5,7,3.75,0.147379273,1.982891236,1.065135254,22.108613643836,13.9240563397763,"Santonja et al. 2017","Partially","No","Partially","Yes","Low validity",2017,-0.516481242305266,0.0196675358296983,0.140240991973454,48,0.0833333333333333,0.288675134594813
"66","Santonja_2017a","Santonja_2017a_1","abundance",NA,FALSE,"Entomobryomorpha",NA,"fungivore","tullgren funnel","drought","undisturbed vs disturbed",35.54166667,78,NA,NA,NA,24,24,NA,NA,NA,NA,0,"aboveground",-34.25,-34.25,730,NA,43.96527778,5.711666667,"temperate seasonal forest","deciduous",FALSE,300,839.5,12.3,0.733106985,"mesofauna","Collembola","Collembola",0.5,7,3.75,0.147379273,1.982891236,1.065135254,36.8542517705367,17.7271941157088,"Santonja et al. 2017","Partially","No","Partially","Yes","Low validity",2017,-0.786003109452072,0.0196675358296983,0.140240991973454,48,0.0833333333333333,0.288675134594813
"67","Santonja_2017a","Santonja_2017a_1","abundance",NA,FALSE,"Entomobryomorpha",NA,"fungivore","tullgren funnel","drought","undisturbed vs disturbed",29.375,67.91666667,NA,NA,NA,24,24,NA,NA,NA,NA,0,"aboveground",-34.25,-34.25,730,NA,43.96527778,5.711666667,"temperate seasonal forest","deciduous",FALSE,300,839.5,12.3,0.733106985,"mesofauna","Collembola","Collembola",0.5,7,3.75,0.147379273,1.982891236,1.065135254,32.0899734983564,14.6514324154778,"Santonja et al. 2017","Partially","No","Partially","Yes","Low validity",2017,-0.838137491037619,0.0196675358296983,0.140240991973454,48,0.0833333333333333,0.288675134594813
"68","Santonja_2017a","Santonja_2017a_1","abundance",NA,FALSE,"Mesostigmata",NA,"predator","tullgren funnel","drought","undisturbed vs disturbed",32.5,46.5,NA,NA,NA,24,24,NA,NA,NA,NA,0,"aboveground",-34.25,-34.25,730,NA,43.96527778,5.711666667,"temperate seasonal forest","deciduous",FALSE,300,839.5,12.3,0.733106985,"mesofauna","Mesostigmata","Mesostigmata",0.3,1.5,0.9,0.2,4,2.1,21.9708039401277,16.210095438401,"Santonja et al. 2017","Partially","No","Partially","Yes","Low validity",2017,-0.358212223257619,0.0196675358296983,0.140240991973454,48,0.0833333333333333,0.288675134594813
"69","Santonja_2017a","Santonja_2017a_1","abundance",NA,FALSE,"Mesostigmata",NA,"predator","tullgren funnel","drought","undisturbed vs disturbed",40.8,61.7,NA,NA,NA,24,24,NA,NA,NA,NA,0,"aboveground",-34.25,-34.25,730,NA,43.96527778,5.711666667,"temperate seasonal forest","deciduous",FALSE,300,839.5,12.3,0.733106985,"mesofauna","Mesostigmata","Mesostigmata",0.3,1.5,0.9,0.2,4,2.1,29.1526581313092,20.349904427285,"Santonja et al. 2017","Partially","No","Partially","Yes","Low validity",2017,-0.413601849501226,0.0196675358296983,0.140240991973454,48,0.0833333333333333,0.288675134594813
"70","Santonja_2017a","Santonja_2017a_1","abundance",NA,FALSE,"Mesostigmata",NA,"predator","tullgren funnel","drought","undisturbed vs disturbed",46,59.7,NA,NA,NA,24,24,NA,NA,NA,NA,0,"aboveground",-34.25,-34.25,730,NA,43.96527778,5.711666667,"temperate seasonal forest","deciduous",FALSE,300,839.5,12.3,0.733106985,"mesofauna","Mesostigmata","Mesostigmata",0.3,1.5,0.9,0.2,4,2.1,28.20767731668,22.9435196974291,"Santonja et al. 2017","Partially","No","Partially","Yes","Low validity",2017,-0.260690623909462,0.0196675358296983,0.140240991973454,48,0.0833333333333333,0.288675134594813
"71","Santonja_2017a","Santonja_2017a_1","abundance",NA,FALSE,"Oribatida",NA,NA,"tullgren funnel","drought","undisturbed vs disturbed",72.8,122,NA,NA,NA,24,24,NA,NA,NA,NA,0,"aboveground",-34.25,-34.25,730,NA,43.96527778,5.711666667,"temperate seasonal forest","deciduous",FALSE,300,839.5,12.3,0.733106985,"mesofauna","Oribatida","Acari",0.2,1.8,1,0.097692066,2.133966827,1.115829446,57.6438296923779,36.3106137820183,"Santonja et al. 2017","Partially","No","Partially","Yes","Low validity",2017,-0.516305089530616,0.0196675358296983,0.140240991973454,48,0.0833333333333333,0.288675134594813
"72","Santonja_2017a","Santonja_2017a_1","abundance",NA,FALSE,"Oribatida",NA,NA,"tullgren funnel","drought","undisturbed vs disturbed",83.8,194,NA,NA,NA,24,24,NA,NA,NA,NA,0,"aboveground",-34.25,-34.25,730,NA,43.96527778,5.711666667,"temperate seasonal forest","deciduous",FALSE,300,839.5,12.3,0.733106985,"mesofauna","Oribatida","Acari",0.2,1.8,1,0.097692066,2.133966827,1.115829446,91.6631390190272,41.7971076227078,"Santonja et al. 2017","Partially","No","Partially","Yes","Low validity",2017,-0.839425151575291,0.0196675358296983,0.140240991973454,48,0.0833333333333333,0.288675134594813
"73","Santonja_2017a","Santonja_2017a_1","abundance",NA,FALSE,"Oribatida",NA,NA,"tullgren funnel","drought","undisturbed vs disturbed",105.5,162,NA,NA,NA,24,24,NA,NA,NA,NA,0,"aboveground",-34.25,-34.25,730,NA,43.96527778,5.711666667,"temperate seasonal forest","deciduous",FALSE,300,839.5,12.3,0.733106985,"mesofauna","Oribatida","Acari",0.2,1.8,1,0.097692066,2.133966827,1.115829446,76.5434459849609,52.6204636538863,"Santonja et al. 2017","Partially","No","Partially","Yes","Low validity",2017,-0.428885382316263,0.0196675358296983,0.140240991973454,48,0.0833333333333333,0.288675134594813
"74","Santonja_2017a","Santonja_2017a_1","abundance",NA,FALSE,"Poduromorpha",NA,"fungivore","tullgren funnel","drought","undisturbed vs disturbed",2.916666667,6.416666667,NA,NA,NA,24,24,NA,NA,NA,NA,0,"aboveground",-34.25,-34.25,730,NA,43.96527778,5.711666667,"temperate seasonal forest","deciduous",FALSE,300,839.5,12.3,0.733106985,"mesofauna","Collembola","Collembola",0.5,7,3.75,0.147379273,1.982891236,1.065135254,3.03181344709267,1.45475215489455,"Santonja et al. 2017","Partially","No","Partially","Yes","Low validity",2017,-0.788457360301933,0.0196675358296983,0.140240991973454,48,0.0833333333333333,0.288675134594813
"75","Santonja_2017a","Santonja_2017a_1","abundance",NA,FALSE,"Poduromorpha",NA,"fungivore","tullgren funnel","drought","undisturbed vs disturbed",6.166666667,14.58333333,NA,NA,NA,24,24,NA,NA,NA,NA,0,"aboveground",-34.25,-34.25,730,NA,43.96527778,5.711666667,"temperate seasonal forest","deciduous",FALSE,300,839.5,12.3,0.733106985,"mesofauna","Collembola","Collembola",0.5,7,3.75,0.147379273,1.982891236,1.065135254,6.89048510509589,3.07576169873465,"Santonja et al. 2017","Partially","No","Partially","Yes","Low validity",2017,-0.860720880436719,0.0196675358296983,0.140240991973454,48,0.0833333333333333,0.288675134594813
"76","Santonja_2017a","Santonja_2017a_1","abundance",NA,FALSE,"Poduromorpha",NA,"fungivore","tullgren funnel","drought","undisturbed vs disturbed",6.625,14.04166667,NA,NA,NA,24,24,NA,NA,NA,NA,0,"aboveground",-34.25,-34.25,730,NA,43.96527778,5.711666667,"temperate seasonal forest","deciduous",FALSE,300,839.5,12.3,0.733106985,"mesofauna","Collembola","Collembola",0.5,7,3.75,0.147379273,1.982891236,1.065135254,6.63455280428377,3.30436560859713,"Santonja et al. 2017","Partially","No","Partially","Yes","Low validity",2017,-0.751178728369519,0.0196675358296983,0.140240991973454,48,0.0833333333333333,0.288675134594813
"77","Santonja_2017a","Santonja_2017a_1","abundance",NA,FALSE,"Prostigmata",NA,NA,"tullgren funnel","drought","undisturbed vs disturbed",24.5,23.6,NA,NA,NA,24,24,NA,NA,NA,NA,0,"aboveground",-34.25,-34.25,730,NA,43.96527778,5.711666667,"temperate seasonal forest","deciduous",FALSE,300,839.5,12.3,0.733106985,"mesofauna","Prostigmata","Prostigmata",0.1,10,5.05,0.1,2,1.05,11.1507736126239,12.2199180997177,"Santonja et al. 2017","Partially","No","Partially","Yes","Low validity",2017,0.0374264055191168,0.0196675358296983,0.140240991973454,48,0.0833333333333333,0.288675134594813
"78","Santonja_2017a","Santonja_2017a_1","abundance",NA,FALSE,"Prostigmata",NA,NA,"tullgren funnel","drought","undisturbed vs disturbed",26.7,36.7,NA,NA,NA,24,24,NA,NA,NA,NA,0,"aboveground",-34.25,-34.25,730,NA,43.96527778,5.711666667,"temperate seasonal forest","deciduous",FALSE,300,839.5,12.3,0.733106985,"mesofauna","Prostigmata","Prostigmata",0.1,10,5.05,0.1,2,1.05,17.3403979484448,13.3172168678556,"Santonja et al. 2017","Partially","No","Partially","Yes","Low validity",2017,-0.318113189654321,0.0196675358296983,0.140240991973454,48,0.0833333333333333,0.288675134594813
"79","Santonja_2017a","Santonja_2017a_1","abundance",NA,FALSE,"Prostigmata",NA,NA,"tullgren funnel","drought","undisturbed vs disturbed",29.4,29.7,NA,NA,NA,24,24,NA,NA,NA,NA,0,"aboveground",-34.25,-34.25,730,NA,43.96527778,5.711666667,"temperate seasonal forest","deciduous",FALSE,300,839.5,12.3,0.733106985,"mesofauna","Prostigmata","Prostigmata",0.1,10,5.05,0.1,2,1.05,14.0329650972428,14.6639017196612,"Santonja et al. 2017","Partially","No","Partially","Yes","Low validity",2017,-0.0101523714640181,0.0196675358296983,0.140240991973454,48,0.0833333333333333,0.288675134594813
"80","Santonja_2017a","Santonja_2017a_1","abundance",NA,FALSE,"Symphypleona",NA,"fungivore","tullgren funnel","drought","undisturbed vs disturbed",7.458333333,10.08333333,NA,NA,NA,24,24,NA,NA,NA,NA,0,"aboveground",-34.25,-34.25,730,NA,43.96527778,5.711666667,"temperate seasonal forest","deciduous",FALSE,300,839.5,12.3,0.733106985,"mesofauna","Collembola","Collembola",0.5,7,3.75,0.147379273,1.982891236,1.065135254,4.76427827218031,3.72000908121038,"Santonja et al. 2017","Partially","No","Partially","Yes","Low validity",2017,-0.301551920030046,0.0196675358296983,0.140240991973454,48,0.0833333333333333,0.288675134594813
"81","Santonja_2017a","Santonja_2017a_1","abundance",NA,FALSE,"Symphypleona",NA,"fungivore","tullgren funnel","drought","undisturbed vs disturbed",6,18.58333333,NA,NA,NA,24,24,NA,NA,NA,NA,0,"aboveground",-34.25,-34.25,730,NA,43.96527778,5.711666667,"temperate seasonal forest","deciduous",FALSE,300,839.5,12.3,0.733106985,"mesofauna","Collembola","Collembola",0.5,7,3.75,0.147379273,1.982891236,1.065135254,8.78044673435418,2.99263300401249,"Santonja et al. 2017","Partially","No","Partially","Yes","Low validity",2017,-1.13050565226469,0.0196675358296983,0.140240991973454,48,0.0833333333333333,0.288675134594813
"82","Santonja_2017a","Santonja_2017a_1","abundance",NA,FALSE,"Symphypleona",NA,"fungivore","tullgren funnel","drought","undisturbed vs disturbed",4.166666667,10.66666667,NA,NA,NA,24,24,NA,NA,NA,NA,0,"aboveground",-34.25,-34.25,730,NA,43.96527778,5.711666667,"temperate seasonal forest","deciduous",FALSE,300,839.5,12.3,0.733106985,"mesofauna","Collembola","Collembola",0.5,7,3.75,0.147379273,1.982891236,1.065135254,5.03989767959708,2.07821736406382,"Santonja et al. 2017","Partially","No","Partially","Yes","Low validity",2017,-0.940007258723971,0.0196675358296983,0.140240991973454,48,0.0833333333333333,0.288675134594813
"83","Taylor_2004a","Taylor_2004a_1","abundance",NA,FALSE,"Nematoda",NA,NA,"O'Connor wet funnel extraction","drought","undisturbed vs disturbed",197.5103734,307.8838174,98.75518672,98.75518672,"SE",5,5,FALSE,">0.05",NA,NA,0,"aboveground",-40,-40,49,NA,50.51666667,9.283333333,"temperate seasonal forest","coniferous",TRUE,2.1875,988,5.4,1.49598283,"microfauna","Nematoda","Nematoda",0.1,5,2.55,0.003285474,0.123567244,0.063426359,220.823310636605,220.823310636605,"Taylor et al. 2004","Partially","No","No","Yes","Low validity",2004,-0.443931389069701,0.35288358858106,0.594040056377564,10,0.4,0.632455532033676
"84","Taylor_2004a","Taylor_2004a_1","abundance",NA,FALSE,"Nematoda",NA,NA,"O'Connor wet funnel extraction","drought","undisturbed vs disturbed",104.5643154,458.9211618,92.94605809,98.75518672,"SE",5,5,FALSE,">0.05",NA,NA,0,"aboveground",-40,-40,98,NA,50.51666667,9.283333333,"temperate seasonal forest","coniferous",TRUE,2.1875,988,5.4,1.49598283,"microfauna","Nematoda","Nematoda",0.1,5,2.55,0.003285474,0.123567244,0.063426359,220.823310636605,207.833704129884,"Taylor et al. 2004","Partially","No","No","Yes","Low validity",2004,-1.47907609406242,0.836430137678239,0.914565545862208,10,0.4,0.632455532033676
"85","Taylor_2004a","Taylor_2004a_1","abundance",NA,FALSE,"Nematoda",NA,NA,"O'Connor wet funnel extraction","drought","undisturbed vs disturbed",69.70954357,29.04564315,92.94605809,87.13692946,"SE",5,5,FALSE,">0.05",NA,NA,0,"aboveground",-40,-40,126,NA,50.51666667,9.283333333,"temperate seasonal forest","coniferous",TRUE,2.1875,988,5.4,1.49598283,"microfauna","Nematoda","Nematoda",0.1,5,2.55,0.003285474,0.123567244,0.063426359,194.844097623164,207.833704129884,"Taylor et al. 2004","Partially","No","No","Yes","Low validity",2004,0.875468737497352,10.777777779716,3.28295260089389,10,0.4,0.632455532033676
"86","Tsiafouli_2005a","Tsiafouli_2005a_1","abundance",NA,FALSE,"Collembola",NA,"fungivore","berlese funnel","drought","undisturbed vs disturbed",468,974,326,772,"SD",7,7,FALSE,">0.05",NA,50.27,NA,"belowground",-100,-100,120,NA,40.43333333,23.56666667,"temperate seasonal forest","coniferous",FALSE,2.1875,745.3,10.9,0.629831625,"mesofauna","Collembola","Collembola",0.5,7,3.75,0.147379273,1.982891236,1.065135254,772,326,"Tsiafouli et al. 2005","Partially","Yes","Partially","Yes","Medium validity",2005,-0.732943007724888,0.159064641801203,0.398829088459208,14,0.285714285714286,0.534522483824849
"87","Tsiafouli_2005a","Tsiafouli_2005a_1","abundance",NA,FALSE,"Oribatida",NA,NA,"berlese funnel","drought","undisturbed vs disturbed",674,1497,349,1273,"SD",7,7,FALSE,">0.05",NA,50.27,NA,"belowground",-100,-100,120,NA,40.43333333,23.56666667,"temperate seasonal forest","coniferous",FALSE,2.1875,745.3,10.9,0.629831625,"mesofauna","Oribatida","Acari",0.2,1.8,1,0.097692066,2.133966827,1.115829446,1273,349,"Tsiafouli et al. 2005","Partially","Yes","Partially","Yes","Medium validity",2005,-0.797988273507321,0.141606551385039,0.376306459398506,14,0.285714285714286,0.534522483824849
"88","Tsiafouli_2018a","Tsiafouli_2018a_1","abundance",NA,FALSE,"Acari",NA,NA,"berlese funnel","drought","undisturbed vs disturbed",8.25,6.125,2.4375,1.90625,"SE",6,6,FALSE,">0.07",NA,NA,0,"aboveground",-100,-18.2,335,NA,40.43333333,23.56666667,"temperate seasonal forest","coniferous",FALSE,2.1875,739,10.9,0.629831625,"mesofauna","Acari","Acari",0.25,0.75,0.5,0.097692066,2.133966827,1.115829446,4.66933982218043,5.970631248034,"Tsiafouli et al. 2018","Partially","Yes","Partially","Yes","Medium validity",2018,0.297834443915799,0.184154071478482,0.429131764704597,12,0.333333333333333,0.577350269189626
"89","Tsiafouli_2018a","Tsiafouli_2018a_1","abundance",NA,FALSE,"Acari",NA,NA,"berlese funnel","drought","undisturbed vs disturbed",1.09375,2.78125,0.4375,0.71875,"SE",6,6,FALSE,">0.08",NA,NA,0,"aboveground",-100,-18.2,335,NA,40.43333333,23.56666667,"temperate seasonal forest","coniferous",FALSE,2.1875,739,10.9,0.629831625,"mesofauna","Acari","Acari",0.25,0.75,0.5,0.097692066,2.133966827,1.115829446,1.76057075262541,1.07165176246764,"Tsiafouli et al. 2018","Partially","Yes","Partially","Yes","Medium validity",2018,-0.933288308242726,0.226784496906956,0.476218958995708,12,0.333333333333333,0.577350269189626
"90","Tsiafouli_2018a","Tsiafouli_2018a_1","abundance",NA,FALSE,"Collembola",NA,"fungivore","berlese funnel","drought","undisturbed vs disturbed",1.589775561,1.091022444,0.822942643,0.324189526,"SE",6,6,FALSE,">0.05",NA,NA,0,"aboveground",-100,-18.2,270,NA,40.43333333,23.56666667,"temperate seasonal forest","coniferous",FALSE,2.1875,739,10.9,0.629831625,"mesofauna","Collembola","Collembola",0.5,7,3.75,0.147379273,1.982891236,1.065135254,0.79409891865474,2.01578956292738,"Tsiafouli et al. 2018","Partially","Yes","Partially","Yes","Medium validity",2018,0.376477571073164,0.356252354719211,0.596868791879095,12,0.333333333333333,0.577350269189626
"91","Tsiafouli_2018a","Tsiafouli_2018a_1","abundance",NA,FALSE,"Collembola",NA,"fungivore","berlese funnel","drought","undisturbed vs disturbed",0.056109726,0.130922693,0.0312,0.105985037,"SE",6,6,FALSE,">0.06",NA,NA,0,"aboveground",-100,-18.2,335,NA,40.43333333,23.56666667,"temperate seasonal forest","coniferous",FALSE,2.1875,739,10.9,0.629831625,"mesofauna","Collembola","Collembola",0.5,7,3.75,0.147379273,1.982891236,1.065135254,0.259609261019996,0.0764240799748351,"Tsiafouli et al. 2018","Partially","Yes","Partially","Yes","Medium validity",2018,-0.847297852749109,0.964524101878552,0.982101879582028,12,0.333333333333333,0.577350269189626
"92","Wang_2021a","Wang_2021a_1","abundance",NA,FALSE,"Nematoda",NA,NA,"sucrose centrifugation","drought","undisturbed vs disturbed",389.3129771,485.4961832,52.67175573,34.35114504,"SE",3,3,TRUE,"<0.05",NA,NA,NA,"belowground",-30,-30,3590,NA,42.4,128.1,"temperate seasonal forest","coniferous",FALSE,2500,740,3.6,0.782784529,"microfauna","Nematoda","Nematoda",0.1,5,2.55,0.003285474,0.123567244,0.063426359,59.4979285074476,91.2301570482171,"Wang et al. 2021","Partially","Yes","Partially","Yes","Medium validity",2021,-0.220787837607211,0.023310728248907,0.152678512728239,6,0.666666666666667,0.816496580927726
"93","Williams_2014a","Williams_2014a_1","abundance",NA,FALSE,"Acari",NA,NA,"tullgren funnel","drought","undisturbed vs disturbed",228,134,28,13,"SE",30,30,NA,NA,NA,19.6,4,"belowground",-33,-33,2557,NA,35.951883,-84.272722,"temperate seasonal forest","deciduous",FALSE,36,1358,14.2,1.384732373,"mesofauna","Acari","Acari",0.25,0.75,0.5,0.097692066,2.133966827,1.115829446,71.2039324756716,153.362316101447,"Williams et al. 2014","Partially","Yes","Partially","Yes","Medium validity",2014,0.531505829003529,0.0244934593031727,0.156503863540721,60,0.0666666666666667,0.258198889747161
"94","Wise_2019a","Wise_2019a_1","abundance",NA,FALSE,"Acari",NA,NA,"kempson heat extractor","drought","undisturbed vs disturbed",682.9268293,463.4146341,NA,NA,"SE",5,5,NA,NA,NA,500,0,"aboveground",-30,-15,122,NA,37.554104,-84.240733,"temperate seasonal forest","mixed",FALSE,14,NA,NA,1.45960674,"mesofauna","Acari","Acari",0.25,0.75,0.5,0.097692066,2.133966827,1.115829446,218.958969221443,340.624894781464,"Wise and Lensing, 2019","Yes","Yes","Yes","Yes","High validity",2019,0.387765531155192,0.0944041719825518,0.307252619163046,10,0.4,0.632455532033676
"95","Wise_2019a","Wise_2019a_1","abundance",NA,FALSE,"Acari",NA,NA,"kempson heat extractor","drought","undisturbed vs disturbed",317.0731707,853.6585366,NA,268.2926829,"SE",5,5,NA,NA,NA,500,0,"aboveground",-30,-15,212,NA,37.554104,-84.240733,"temperate seasonal forest","mixed",FALSE,14,NA,NA,1.45960674,"mesofauna","Acari","Acari",0.25,0.75,0.5,0.097692066,2.133966827,1.115829446,403.345469665696,158.147272553951,"Wise and Lensing, 2019","Yes","Yes","Yes","Yes","High validity",2019,-0.99039870414502,0.0944041719825518,0.307252619163046,10,0.4,0.632455532033676
"96","Wise_2019a","Wise_2019a_1","abundance",NA,FALSE,"Acari",NA,NA,"kempson heat extractor","drought","undisturbed vs disturbed",2121.95122,3341.463415,243.902439,658.5365854,"SE",5,5,NA,NA,NA,500,0,"aboveground",-30,-15,365,NA,37.554104,-84.240733,"temperate seasonal forest","mixed",FALSE,14,NA,NA,1.45960674,"mesofauna","Acari","Acari",0.25,0.75,0.5,0.097692066,2.133966827,1.115829446,1578.80940998009,1058.37020897943,"Wise and Lensing, 2019","Yes","Yes","Yes","Yes","High validity",2019,-0.454072807053145,0.0944041719825518,0.307252619163046,10,0.4,0.632455532033676
"97","Wise_2019a","Wise_2019a_1","abundance",NA,FALSE,"Acari",NA,NA,"kempson heat extractor","drought","undisturbed vs disturbed",780.4878049,2121.95122,195.1219512,268.2926829,"SE",5,5,NA,NA,NA,500,0,"aboveground",-30,-15,487,NA,37.554104,-84.240733,"temperate seasonal forest","mixed",FALSE,14,NA,NA,1.45960674,"mesofauna","Acari","Acari",0.25,0.75,0.5,0.097692066,2.133966827,1.115829446,1002.60159623946,389.285594028834,"Wise and Lensing, 2019","Yes","Yes","Yes","Yes","High validity",2019,-1.00017221605662,0.0944041719825518,0.307252619163046,10,0.4,0.632455532033676
"98","Wise_2019a","Wise_2019a_1","abundance",NA,FALSE,"Acari",NA,NA,"kempson heat extractor","drought","undisturbed vs disturbed",2073.170732,3975.609756,439.0243902,243.902439,"SE",5,5,NA,NA,NA,500,0,"aboveground",-30,-15,670,NA,37.554104,-84.240733,"temperate seasonal forest","mixed",FALSE,14,NA,NA,1.45960674,"mesofauna","Acari","Acari",0.25,0.75,0.5,0.097692066,2.133966827,1.115829446,1878.43747293623,1034.03985925599,"Wise and Lensing, 2019","Yes","Yes","Yes","Yes","High validity",2019,-0.651098944150729,0.0944041719825518,0.307252619163046,10,0.4,0.632455532033676
"99","Wise_2019a","Wise_2019a_1","abundance",NA,FALSE,"Acari",NA,NA,"kempson heat extractor","drought","undisturbed vs disturbed",1829.268293,2390.243902,292.6829268,195.1219512,"SE",5,5,NA,NA,NA,500,0,"aboveground",-30,-15,821,NA,37.554104,-84.240733,"temperate seasonal forest","mixed",FALSE,14,NA,NA,1.45960674,"mesofauna","Acari","Acari",0.25,0.75,0.5,0.097692066,2.133966827,1.115829446,1129.36731483715,912.388111137566,"Wise and Lensing, 2019","Yes","Yes","Yes","Yes","High validity",2019,-0.267479364777255,0.0944041719825518,0.307252619163046,10,0.4,0.632455532033676
"100","Wise_2019a","Wise_2019a_1","abundance",NA,FALSE,"Acari",NA,NA,"kempson heat extractor","drought","undisturbed vs disturbed",2536.585366,2560.97561,292.6829268,292.6829268,"SE",5,5,TRUE,"<0.001",NA,500,0,"aboveground",-30,-15,1050,NA,37.554104,-84.240733,"temperate seasonal forest","mixed",FALSE,14,NA,NA,1.45960674,"mesofauna","Acari","Acari",0.25,0.75,0.5,0.097692066,2.133966827,1.115829446,1210.03640909159,1265.17818063112,"Wise and Lensing, 2019","Yes","Yes","Yes","Yes","High validity",2019,-0.00956945105369651,0.0944041719825518,0.307252619163046,10,0.4,0.632455532033676
"101","Wise_2019a","Wise_2019a_1","abundance",NA,FALSE,"Araneida",NA,"predator","hand sorting","drought","undisturbed vs disturbed",26.66666667,31.33333333,3.666666667,NA,"SE",5,5,NA,NA,NA,2000,0,"aboveground",-30,-15,122,NA,37.554104,-84.240733,"temperate seasonal forest","mixed",FALSE,14,NA,NA,1.45960674,"macrofauna","Araneae","Araneida",0.43,100,50.215,1.435450768,28.29256964,14.8640102,14.804699427615,13.300591130607,"Wise and Lensing, 2019","Yes","Yes","Yes","Yes","High validity",2019,-0.161268147364739,0.0944041719825518,0.307252619163046,10,0.4,0.632455532033676
"102","Wise_2019a","Wise_2019a_1","abundance",NA,FALSE,"Araneida",NA,"predator","hand sorting","drought","undisturbed vs disturbed",12,26,3,8.333333333,"SE",5,5,NA,NA,NA,2000,0,"aboveground",-30,-15,212,NA,37.554104,-84.240733,"temperate seasonal forest","mixed",FALSE,14,NA,NA,1.45960674,"macrofauna","Araneae","Araneida",0.43,100,50.215,1.435450768,28.29256964,14.8640102,12.2847505901789,5.98526600802499,"Wise and Lensing, 2019","Yes","Yes","Yes","Yes","High validity",2019,-0.773189888233482,0.0944041719825518,0.307252619163046,10,0.4,0.632455532033676
"103","Wise_2019a","Wise_2019a_1","abundance",NA,FALSE,"Araneida",NA,"predator","hand sorting","drought","undisturbed vs disturbed",13.66666667,17.33333333,2.333333333,3.333333333,"SE",5,5,NA,NA,NA,2000,0,"aboveground",-30,-15,365,NA,37.554104,-84.240733,"temperate seasonal forest","mixed",FALSE,14,NA,NA,1.45960674,"macrofauna","Araneae","Araneida",0.43,100,50.215,1.435450768,28.29256964,14.8640102,8.18983372521097,6.81655295524659,"Wise and Lensing, 2019","Yes","Yes","Yes","Yes","High validity",2019,-0.237671651440909,0.0944041719825518,0.307252619163046,10,0.4,0.632455532033676
"104","Wise_2019a","Wise_2019a_1","abundance",NA,FALSE,"Araneida",NA,"predator","hand sorting","drought","undisturbed vs disturbed",15.33333333,16.66666667,NA,NA,"SE",5,5,NA,NA,NA,2000,0,"aboveground",-30,-15,487,NA,37.554104,-84.240733,"temperate seasonal forest","mixed",FALSE,14,NA,NA,1.45960674,"macrofauna","Araneae","Araneida",0.43,100,50.215,1.435450768,28.29256964,14.8640102,7.87484012348452,7.64783989748046,"Wise and Lensing, 2019","Yes","Yes","Yes","Yes","High validity",2019,-0.0833816093564424,0.0944041719825518,0.307252619163046,10,0.4,0.632455532033676
"105","Wise_2019a","Wise_2019a_1","abundance",NA,FALSE,"Araneida",NA,"predator","hand sorting","drought","undisturbed vs disturbed",24.66666667,20.33333333,3,2,"SE",5,5,NA,NA,NA,2000,0,"aboveground",-30,-15,670,NA,37.554104,-84.240733,"temperate seasonal forest","mixed",FALSE,14,NA,NA,1.45960674,"macrofauna","Araneae","Araneida",0.43,100,50.215,1.435450768,28.29256964,14.8640102,9.60730494715469,12.3030467959362,"Wise and Lensing, 2019","Yes","Yes","Yes","Yes","High validity",2019,0.193191229329928,0.0944041719825518,0.307252619163046,10,0.4,0.632455532033676
"106","Wise_2019a","Wise_2019a_1","abundance",NA,FALSE,"Araneida",NA,"predator","hand sorting","drought","undisturbed vs disturbed",27.33333333,35.33333333,3.666666667,9,"SE",5,5,NA,NA,NA,2000,0,"aboveground",-30,-15,821,NA,37.554104,-84.240733,"temperate seasonal forest","mixed",FALSE,14,NA,NA,1.45960674,"macrofauna","Araneae","Araneida",0.43,100,50.215,1.435450768,28.29256964,14.8640102,16.6946610568733,13.6331059055054,"Wise and Lensing, 2019","Yes","Yes","Yes","Yes","High validity",2019,-0.256719846875426,0.0944041719825518,0.307252619163046,10,0.4,0.632455532033676
"107","Wise_2019a","Wise_2019a_1","abundance",NA,FALSE,"Araneida",NA,"predator","hand sorting","drought","undisturbed vs disturbed",41,43.66666667,7,9.333333333,"SE",5,5,FALSE,">0.05",NA,2000,0,"aboveground",-30,-15,1050,NA,37.554104,-84.240733,"temperate seasonal forest","mixed",FALSE,14,NA,NA,1.45960674,"macrofauna","Araneae","Araneida",0.43,100,50.215,1.435450768,28.29256964,14.8640102,20.632081120978,20.449658860752,"Wise and Lensing, 2019","Yes","Yes","Yes","Yes","High validity",2019,-0.0630129679050699,0.0944041719825518,0.307252619163046,10,0.4,0.632455532033676
"108","Wise_2019a","Wise_2019a_1","abundance",NA,FALSE,"Arthropods","fungivore/detritivore",NA,"kempson heat extractor","drought","undisturbed vs disturbed",21.5625,22.265625,NA,NA,"SE",5,5,NA,NA,NA,500,0,"aboveground",-30,-15,122,NA,37.554104,-84.240733,"temperate seasonal forest","mixed",FALSE,14,NA,NA,1.45960674,NA,"Arthropods","Arthropods",0.2,300,150.1,0.2,28.29256964,14.24628482,10.5202942253635,10.7547748581699,"Wise and Lensing, 2019","Yes","Yes","Yes","Yes","High validity",2019,-0.0320883145515005,0.0944041719825518,0.307252619163046,10,0.4,0.632455532033676
"109","Wise_2019a","Wise_2019a_1","abundance",NA,FALSE,"Arthropods","fungivore/detritivore",NA,"kempson heat extractor","drought","undisturbed vs disturbed",15.234375,13.125,NA,NA,"SE",5,5,NA,NA,NA,500,0,"aboveground",-30,-15,212,NA,37.554104,-84.240733,"temperate seasonal forest","mixed",FALSE,14,NA,NA,1.45960674,NA,"Arthropods","Arthropods",0.2,300,150.1,0.2,28.29256964,14.24628482,6.20143659600377,7.59848223675047,"Wise and Lensing, 2019","Yes","Yes","Yes","Yes","High validity",2019,0.149035579160488,0.0944041719825518,0.307252619163046,10,0.4,0.632455532033676
"110","Wise_2019a","Wise_2019a_1","abundance",NA,FALSE,"Arthropods","fungivore/detritivore",NA,"kempson heat extractor","drought","undisturbed vs disturbed",23.671875,25.78125,7.734375,10.546875,"SE",5,5,NA,NA,NA,500,0,"aboveground",-30,-15,365,NA,37.554104,-84.240733,"temperate seasonal forest","mixed",FALSE,14,NA,NA,1.45960674,NA,"Arthropods","Arthropods",0.2,300,150.1,0.2,28.29256964,14.24628482,12.1813933135788,11.806872398643,"Wise and Lensing, 2019","Yes","Yes","Yes","Yes","High validity",2019,-0.0853598489511568,0.0944041719825518,0.307252619163046,10,0.4,0.632455532033676
"111","Wise_2019a","Wise_2019a_1","abundance",NA,FALSE,"Arthropods","fungivore/detritivore",NA,"kempson heat extractor","drought","undisturbed vs disturbed",55.3125,27.1875,19.6875,NA,"SE",5,5,NA,NA,NA,500,0,"aboveground",-30,-15,487,NA,37.554104,-84.240733,"temperate seasonal forest","mixed",FALSE,14,NA,NA,1.45960674,NA,"Arthropods","Arthropods",0.2,300,150.1,0.2,28.29256964,14.24628482,12.845832948865,27.5883355057402,"Wise and Lensing, 2019","Yes","Yes","Yes","Yes","High validity",2019,0.710241613919245,0.0944041719825518,0.307252619163046,10,0.4,0.632455532033676
"112","Wise_2019a","Wise_2019a_1","abundance",NA,FALSE,"Arthropods","fungivore/detritivore",NA,"kempson heat extractor","drought","undisturbed vs disturbed",29.296875,23.671875,8.4375,8.4375,"SE",5,5,NA,NA,NA,500,0,"aboveground",-30,-15,670,NA,37.554104,-84.240733,"temperate seasonal forest","mixed",FALSE,14,NA,NA,1.45960674,NA,"Arthropods","Arthropods",0.2,300,150.1,0.2,28.29256964,14.24628482,11.1847338606497,14.6124658399048,"Wise and Lensing, 2019","Yes","Yes","Yes","Yes","High validity",2019,0.213193220461042,0.0944041719825518,0.307252619163046,10,0.4,0.632455532033676
"113","Wise_2019a","Wise_2019a_1","abundance",NA,FALSE,"Arthropods","fungivore/detritivore",NA,"kempson heat extractor","drought","undisturbed vs disturbed",87.65625,62.34375,21.09375,7.734375,"SE",5,5,NA,NA,NA,500,0,"aboveground",-30,-15,821,NA,37.554104,-84.240733,"temperate seasonal forest","mixed",FALSE,14,NA,NA,1.45960674,NA,"Arthropods","Arthropods",0.2,300,150.1,0.2,28.29256964,14.24628482,29.4568238310179,43.720497792995,"Wise and Lensing, 2019","Yes","Yes","Yes","Yes","High validity",2019,0.340759488632833,0.0944041719825518,0.307252619163046,10,0.4,0.632455532033676
"114","Wise_2019a","Wise_2019a_1","abundance",NA,FALSE,"Arthropods","fungivore/detritivore",NA,"kempson heat extractor","drought","undisturbed vs disturbed",60.9375,33.515625,14.0625,11.953125,"SE",5,5,FALSE,">0.05",NA,500,0,"aboveground",-30,-15,1050,NA,37.554104,-84.240733,"temperate seasonal forest","mixed",FALSE,14,NA,NA,1.45960674,NA,"Arthropods","Arthropods",0.2,300,150.1,0.2,28.29256964,14.24628482,15.8358113076525,30.3939289470019,"Wise and Lensing, 2019","Yes","Yes","Yes","Yes","High validity",2019,0.59783700075562,0.0944041719825518,0.307252619163046,10,0.4,0.632455532033676
"115","Wise_2019a","Wise_2019a_1","abundance",NA,FALSE,"Arthropods","fungivore/detritivore",NA,"hand sorting","drought","undisturbed vs disturbed",12.98245614,12.63157895,NA,NA,"SE",5,5,NA,NA,NA,2000,0,"aboveground",-30,-15,122,NA,37.554104,-84.240733,"temperate seasonal forest","mixed",FALSE,14,NA,NA,1.45960674,NA,"Arthropods","Arthropods",0.2,300,150.1,0.2,28.29256964,14.24628482,5.96829988311169,6.47528778628477,"Wise and Lensing, 2019","Yes","Yes","Yes","Yes","High validity",2019,0.0273989739527541,0.0944041719825518,0.307252619163046,10,0.4,0.632455532033676
"116","Wise_2019a","Wise_2019a_1","abundance",NA,FALSE,"Arthropods","fungivore/detritivore",NA,"hand sorting","drought","undisturbed vs disturbed",12.63157895,8.771929825,3.50877193,3.157894737,"SE",5,5,NA,NA,NA,2000,0,"aboveground",-30,-15,212,NA,37.554104,-84.240733,"temperate seasonal forest","mixed",FALSE,14,NA,NA,1.45960674,NA,"Arthropods","Arthropods",0.2,300,150.1,0.2,28.29256964,14.24628482,4.1446526959491,6.30028000975991,"Wise and Lensing, 2019","Yes","Yes","Yes","Yes","High validity",2019,0.364643113746242,0.0944041719825518,0.307252619163046,10,0.4,0.632455532033676
"117","Wise_2019a","Wise_2019a_1","abundance",NA,FALSE,"Arthropods","fungivore/detritivore",NA,"hand sorting","drought","undisturbed vs disturbed",4.210526316,5.263157895,NA,NA,"SE",5,5,NA,NA,NA,2000,0,"aboveground",-30,-15,365,NA,37.554104,-84.240733,"temperate seasonal forest","mixed",FALSE,14,NA,NA,1.45960674,NA,"Arthropods","Arthropods",0.2,300,150.1,0.2,28.29256964,14.24628482,2.48679161756946,2.10009333625412,"Wise and Lensing, 2019","Yes","Yes","Yes","Yes","High validity",2019,-0.22314355131421,0.0944041719825518,0.307252619163046,10,0.4,0.632455532033676
"118","Wise_2019a","Wise_2019a_1","abundance",NA,FALSE,"Arthropods","fungivore/detritivore",NA,"hand sorting","drought","undisturbed vs disturbed",10.87719298,9.473684211,3.50877193,NA,"SE",5,5,NA,NA,NA,2000,0,"aboveground",-30,-15,487,NA,37.554104,-84.240733,"temperate seasonal forest","mixed",FALSE,14,NA,NA,1.45960674,NA,"Arthropods","Arthropods",0.2,300,150.1,0.2,28.29256964,14.24628482,4.47622491162503,5.42524111716017,"Wise and Lensing, 2019","Yes","Yes","Yes","Yes","High validity",2019,0.138150338205011,0.0944041719825518,0.307252619163046,10,0.4,0.632455532033676
"119","Wise_2019a","Wise_2019a_1","abundance",NA,FALSE,"Arthropods","fungivore/detritivore",NA,"hand sorting","drought","undisturbed vs disturbed",26.66666667,12.63157895,4.561403509,2.105263158,"SE",5,5,NA,NA,NA,2000,0,"aboveground",-30,-15,670,NA,37.554104,-84.240733,"temperate seasonal forest","mixed",FALSE,14,NA,NA,1.45960674,NA,"Arthropods","Arthropods",0.2,300,150.1,0.2,28.29256964,14.24628482,5.96829988311169,13.300591130607,"Wise and Lensing, 2019","Yes","Yes","Yes","Yes","High validity",2019,0.747214401746888,0.0944041719825518,0.307252619163046,10,0.4,0.632455532033676
"120","Wise_2019a","Wise_2019a_1","abundance",NA,FALSE,"Arthropods","fungivore/detritivore",NA,"hand sorting","drought","undisturbed vs disturbed",27.24137931,40.70175439,4.137931034,3.157894737,"SE",5,5,NA,NA,NA,2000,0,"aboveground",-30,-15,821,NA,37.554104,-84.240733,"temperate seasonal forest","mixed",FALSE,14,NA,NA,1.45960674,NA,"Arthropods","Arthropods",0.2,300,150.1,0.2,28.29256964,14.24628482,19.2311885101488,13.5872417996548,"Wise and Lensing, 2019","Yes","Yes","Yes","Yes","High validity",2019,-0.401534081463008,0.0944041719825518,0.307252619163046,10,0.4,0.632455532033676
"121","Wise_2019a","Wise_2019a_1","abundance",NA,FALSE,"Arthropods","fungivore/detritivore",NA,"hand sorting","drought","undisturbed vs disturbed",24.13793103,24.9122807,2.413793103,4.561403509,"SE",5,5,FALSE,">0.05",NA,2000,0,"aboveground",-30,-15,1050,NA,37.554104,-84.240733,"temperate seasonal forest","mixed",FALSE,14,NA,NA,1.45960674,NA,"Arthropods","Arthropods",0.2,300,150.1,0.2,28.29256964,14.24628482,11.770813655078,12.0393281748259,"Wise and Lensing, 2019","Yes","Yes","Yes","Yes","High validity",2019,-0.0315763778191174,0.0944041719825518,0.307252619163046,10,0.4,0.632455532033676
"122","Wise_2019a","Wise_2019a_1","abundance",NA,FALSE,"Arthropods","predator",NA,"hand sorting","drought","undisturbed vs disturbed",16.23188406,12.75362319,1.44927536,2.898550725,"SE",5,5,NA,NA,NA,2000,0,"aboveground",-30,-15,122,NA,37.554104,-84.240733,"temperate seasonal forest","mixed",FALSE,14,NA,NA,1.45960674,NA,"Arthropods","Arthropods",0.2,300,150.1,0.2,28.29256964,14.24628482,6.02596461577969,8.09601199254338,"Wise and Lensing, 2019","Yes","Yes","Yes","Yes","High validity",2019,0.241162056816888,0.0944041719825518,0.307252619163046,10,0.4,0.632455532033676
"123","Wise_2019a","Wise_2019a_1","abundance",NA,FALSE,"Arthropods","predator",NA,"hand sorting","drought","undisturbed vs disturbed",8.550724638,16.37681159,3.91304348,5.942028986,"SE",5,5,NA,NA,NA,2000,0,"aboveground",-30,-15,212,NA,37.554104,-84.240733,"temperate seasonal forest","mixed",FALSE,14,NA,NA,1.45960674,NA,"Arthropods","Arthropods",0.2,300,150.1,0.2,28.29256964,14.24628482,7.73788637867312,4.2648634599836,"Wise and Lensing, 2019","Yes","Yes","Yes","Yes","High validity",2019,-0.649850374512696,0.0944041719825518,0.307252619163046,10,0.4,0.632455532033676
"124","Wise_2019a","Wise_2019a_1","abundance",NA,FALSE,"Arthropods","predator",NA,"hand sorting","drought","undisturbed vs disturbed",7.536231884,7.971014493,3.1884058,2.173913043,"SE",5,5,NA,NA,NA,2000,0,"aboveground",-30,-15,365,NA,37.554104,-84.240733,"temperate seasonal forest","mixed",FALSE,14,NA,NA,1.45960674,NA,"Arthropods","Arthropods",0.2,300,150.1,0.2,28.29256964,14.24628482,3.76622788450794,3.75886271032494,"Wise and Lensing, 2019","Yes","Yes","Yes","Yes","High validity",2019,-0.0560894666896449,0.0944041719825518,0.307252619163046,10,0.4,0.632455532033676
"125","Wise_2019a","Wise_2019a_1","abundance",NA,FALSE,"Arthropods","predator",NA,"hand sorting","drought","undisturbed vs disturbed",6.231884058,10.86956522,2.75362319,2.898550725,"SE",5,5,NA,NA,NA,2000,0,"aboveground",-30,-15,487,NA,37.554104,-84.240733,"temperate seasonal forest","mixed",FALSE,14,NA,NA,1.45960674,NA,"Arthropods","Arthropods",0.2,300,150.1,0.2,28.29256964,14.24628482,5.13576529813012,3.10829031819168,"Wise and Lensing, 2019","Yes","Yes","Yes","Yes","High validity",2019,-0.556287998078097,0.0944041719825518,0.307252619163046,10,0.4,0.632455532033676
"126","Wise_2019a","Wise_2019a_1","abundance",NA,FALSE,"Arthropods","predator",NA,"hand sorting","drought","undisturbed vs disturbed",6.956521739,5.652173913,2.75362319,NA,"SE",5,5,NA,NA,NA,2000,0,"aboveground",-30,-15,670,NA,37.554104,-84.240733,"temperate seasonal forest","mixed",FALSE,14,NA,NA,1.45960674,NA,"Arthropods","Arthropods",0.2,300,150.1,0.2,28.29256964,14.24628482,2.67059795436618,3.46971942487696,"Wise and Lensing, 2019","Yes","Yes","Yes","Yes","High validity",2019,0.207639364767187,0.0944041719825518,0.307252619163046,10,0.4,0.632455532033676
"127","Wise_2019a","Wise_2019a_1","abundance",NA,FALSE,"Arthropods","predator",NA,"hand sorting","drought","undisturbed vs disturbed",9.565217391,20.72463768,4.49275362,6.811594203,"SE",5,5,NA,NA,NA,2000,0,"aboveground",-30,-15,821,NA,37.554104,-84.240733,"temperate seasonal forest","mixed",FALSE,14,NA,NA,1.45960674,NA,"Arthropods","Arthropods",0.2,300,150.1,0.2,28.29256964,14.24628482,9.79219249887015,4.77086420914348,"Wise and Lensing, 2019","Yes","Yes","Yes","Yes","High validity",2019,-0.773189888209356,0.0944041719825518,0.307252619163046,10,0.4,0.632455532033676
"128","Wise_2019a","Wise_2019a_1","abundance",NA,FALSE,"Arthropods","predator",NA,"hand sorting","drought","undisturbed vs disturbed",14.34782609,9.710144928,3.76811594,2.31884058,"SE",5,5,FALSE,">0.05",NA,2000,0,"aboveground",-30,-15,1050,NA,37.554104,-84.240733,"temperate seasonal forest","mixed",FALSE,14,NA,NA,1.45960674,NA,"Arthropods","Arthropods",0.2,300,150.1,0.2,28.29256964,14.24628482,4.58795033211426,7.15629631546092,"Wise and Lensing, 2019","Yes","Yes","Yes","Yes","High validity",2019,0.390427230907984,0.0944041719825518,0.307252619163046,10,0.4,0.632455532033676
"129","Wise_2019a","Wise_2019a_1","abundance",NA,FALSE,"Collembola","fungivore/detritivore",NA,"hand sorting","drought","undisturbed vs disturbed",228.125,110.9375,79.6875,32.8125,"SE",5,5,NA,NA,NA,2000,0,"aboveground",-30,-15,122,NA,37.554104,-84.240733,"temperate seasonal forest","mixed",FALSE,14,NA,NA,1.45960674,"mesofauna","Collembola","Collembola",0.5,7,3.75,0.147379273,1.982891236,1.065135254,52.4169045614605,113.782400673392,"Wise and Lensing, 2019","Yes","Yes","Yes","Yes","High validity",2019,0.720926744667021,0.0944041719825518,0.307252619163046,10,0.4,0.632455532033676
"130","Wise_2019a","Wise_2019a_1","abundance",NA,FALSE,"Collembola","fungivore/detritivore",NA,"hand sorting","drought","undisturbed vs disturbed",509.375,298.4375,281.25,103.125,"SE",5,5,NA,NA,NA,2000,0,"aboveground",-30,-15,212,NA,37.554104,-84.240733,"temperate seasonal forest","mixed",FALSE,14,NA,NA,1.45960674,"mesofauna","Collembola","Collembola",0.5,7,3.75,0.147379273,1.982891236,1.065135254,141.008855932943,254.062072736477,"Wise and Lensing, 2019","Yes","Yes","Yes","Yes","High validity",2019,0.534623953320078,0.0944041719825518,0.307252619163046,10,0.4,0.632455532033676
"131","Wise_2019a","Wise_2019a_1","abundance",NA,FALSE,"Collembola","fungivore/detritivore",NA,"hand sorting","drought","undisturbed vs disturbed",153.125,340.625,28.125,37.5,"SE",5,5,NA,NA,NA,2000,0,"aboveground",-30,-15,365,NA,37.554104,-84.240733,"temperate seasonal forest","mixed",FALSE,14,NA,NA,1.45960674,"mesofauna","Collembola","Collembola",0.5,7,3.75,0.147379273,1.982891236,1.065135254,160.942044991527,76.3744881232355,"Wise and Lensing, 2019","Yes","Yes","Yes","Yes","High validity",2019,-0.799527584118517,0.0944041719825518,0.307252619163046,10,0.4,0.632455532033676
"132","Wise_2019a","Wise_2019a_1","abundance",NA,FALSE,"Collembola","fungivore/detritivore",NA,"hand sorting","drought","undisturbed vs disturbed",87.5,485.9375,51.5625,135.9375,"SE",5,5,NA,NA,NA,2000,0,"aboveground",-30,-15,487,NA,37.554104,-84.240733,"temperate seasonal forest","mixed",FALSE,14,NA,NA,1.45960674,"mesofauna","Collembola","Collembola",0.5,7,3.75,0.147379273,1.982891236,1.065135254,229.600807304425,43.6425646418489,"Wise and Lensing, 2019","Yes","Yes","Yes","Yes","High validity",2019,-1.71444122144408,0.0944041719825518,0.307252619163046,10,0.4,0.632455532033676
"133","Wise_2019a","Wise_2019a_1","abundance",NA,FALSE,"Collembola","fungivore/detritivore",NA,"hand sorting","drought","undisturbed vs disturbed",64.0625,110.9375,NA,NA,"SE",5,5,NA,NA,NA,2000,0,"aboveground",-30,-15,670,NA,37.554104,-84.240733,"temperate seasonal forest","mixed",FALSE,14,NA,NA,1.45960674,"mesofauna","Collembola","Collembola",0.5,7,3.75,0.147379273,1.982891236,1.065135254,52.4169045614605,31.9525919699251,"Wise and Lensing, 2019","Yes","Yes","Yes","Yes","High validity",2019,-0.549107810337008,0.0944041719825518,0.307252619163046,10,0.4,0.632455532033676
"134","Wise_2019a","Wise_2019a_1","abundance",NA,FALSE,"Collembola","fungivore/detritivore",NA,"hand sorting","drought","undisturbed vs disturbed",176.5625,495.3125,46.875,37.5,"SE",5,5,NA,NA,NA,2000,0,"aboveground",-30,-15,821,NA,37.554104,-84.240733,"temperate seasonal forest","mixed",FALSE,14,NA,NA,1.45960674,"mesofauna","Collembola","Collembola",0.5,7,3.75,0.147379273,1.982891236,1.065135254,234.030404873,88.0644607951593,"Wise and Lensing, 2019","Yes","Yes","Yes","Yes","High validity",2019,-1.03151395516494,0.0944041719825518,0.307252619163046,10,0.4,0.632455532033676
"135","Wise_2019a","Wise_2019a_1","abundance",NA,FALSE,"Collembola","fungivore/detritivore",NA,"hand sorting","drought","undisturbed vs disturbed",200,378.125,46.875,60.9375,"SE",5,5,TRUE,"<0.001",NA,2000,0,"aboveground",-30,-15,1050,NA,37.554104,-84.240733,"temperate seasonal forest","mixed",FALSE,14,NA,NA,1.45960674,"mesofauna","Collembola","Collembola",0.5,7,3.75,0.147379273,1.982891236,1.065135254,178.660435265823,99.7544334670831,"Wise and Lensing, 2019","Yes","Yes","Yes","Yes","High validity",2019,-0.636907462237069,0.0944041719825518,0.307252619163046,10,0.4,0.632455532033676
"136","Wise_2019a","Wise_2019a_1","abundance",NA,FALSE,"Mesofauna","mixed",NA,"kempson heat extractor","drought","undisturbed vs disturbed",4.243697479,7.142857143,1.386554622,NA,"SE",5,5,NA,NA,NA,500,0,"aboveground",-30,-15,122,NA,37.554104,-84.240733,"temperate seasonal forest","mixed",FALSE,14,NA,NA,1.45960674,"mesofauna",NA,NA,NA,NA,NA,NA,NA,NA,3.37493148088588,2.11663818911667,"Wise and Lensing, 2019","Yes","Yes","Yes","Yes","High validity",2019,-0.520677920227022,0.0944041719825518,0.307252619163046,10,0.4,0.632455532033676
"137","Wise_2019a","Wise_2019a_1","abundance",NA,FALSE,"Mesofauna","mixed",NA,"kempson heat extractor","drought","undisturbed vs disturbed",3.235294118,10.16806723,1.134453782,4.789915966,"SE",5,5,NA,NA,NA,500,0,"aboveground",-30,-15,212,NA,37.554104,-84.240733,"temperate seasonal forest","mixed",FALSE,14,NA,NA,1.45960674,"mesofauna",NA,NA,NA,NA,NA,NA,NA,NA,4.80431422710466,1.61367465920238,"Wise and Lensing, 2019","Yes","Yes","Yes","Yes","High validity",2019,-1.1451323044997,0.0944041719825518,0.307252619163046,10,0.4,0.632455532033676
"138","Wise_2019a","Wise_2019a_1","abundance",NA,FALSE,"Mesofauna","mixed",NA,"kempson heat extractor","drought","undisturbed vs disturbed",8.151260504,8.529411765,NA,2.268907563,"SE",5,5,NA,NA,NA,500,0,"aboveground",-30,-15,365,NA,37.554104,-84.240733,"temperate seasonal forest","mixed",FALSE,14,NA,NA,1.45960674,"mesofauna",NA,NA,NA,NA,NA,NA,NA,NA,4.03006523899856,4.06562186809565,"Wise and Lensing, 2019","Yes","Yes","Yes","Yes","High validity",2019,-0.0453478200376844,0.0944041719825518,0.307252619163046,10,0.4,0.632455532033676
"139","Wise_2019a","Wise_2019a_1","abundance",NA,FALSE,"Mesofauna","mixed",NA,"kempson heat extractor","drought","undisturbed vs disturbed",4.74789916,8.403361345,1.260504202,NA,"SE",5,5,NA,NA,NA,500,0,"aboveground",-30,-15,487,NA,37.554104,-84.240733,"temperate seasonal forest","mixed",FALSE,14,NA,NA,1.45960674,"mesofauna",NA,NA,NA,NA,NA,NA,NA,NA,3.97050762471059,2.3681199543232,"Wise and Lensing, 2019","Yes","Yes","Yes","Yes","High validity",2019,-0.5709295478199,0.0944041719825518,0.307252619163046,10,0.4,0.632455532033676
"140","Wise_2019a","Wise_2019a_1","abundance",NA,FALSE,"Mesofauna","mixed",NA,"kempson heat extractor","drought","undisturbed vs disturbed",9.159663866,5.504201681,3.277310924,1.386554622,"SE",5,5,NA,NA,NA,500,0,"aboveground",-30,-15,670,NA,37.554104,-84.240733,"temperate seasonal forest","mixed",FALSE,14,NA,NA,1.45960674,"mesofauna",NA,NA,NA,NA,NA,NA,NA,NA,2.60068249419725,4.56858539850871,"Wise and Lensing, 2019","Yes","Yes","Yes","Yes","High validity",2019,0.509297739577937,0.0944041719825518,0.307252619163046,10,0.4,0.632455532033676
"141","Wise_2019a","Wise_2019a_1","abundance",NA,FALSE,"Mesofauna","mixed",NA,"kempson heat extractor","drought","undisturbed vs disturbed",16.21848739,14.95798319,3.781512605,2.394957983,"SE",5,5,NA,NA,NA,500,0,"aboveground",-30,-15,821,NA,37.554104,-84.240733,"temperate seasonal forest","mixed",FALSE,14,NA,NA,1.45960674,"mesofauna",NA,NA,NA,NA,NA,NA,NA,NA,7.06750357004764,8.08933010641241,"Wise and Lensing, 2019","Yes","Yes","Yes","Yes","High validity",2019,0.0809066385262021,0.0944041719825518,0.307252619163046,10,0.4,0.632455532033676
"142","Wise_2019a","Wise_2019a_1","abundance",NA,FALSE,"Mesofauna","mixed",NA,"kempson heat extractor","drought","undisturbed vs disturbed",15.33613445,18.1092437,3.655462185,4.411764706,"SE",5,5,TRUE,"<0.05",NA,500,0,"aboveground",-30,-15,1050,NA,37.554104,-84.240733,"temperate seasonal forest","mixed",FALSE,14,NA,NA,1.45960674,"mesofauna",NA,NA,NA,NA,NA,NA,NA,NA,8.55644393197187,7.64923701817383,"Wise and Lensing, 2019","Yes","Yes","Yes","Yes","High validity",2019,-0.166210736907043,0.0944041719825518,0.307252619163046,10,0.4,0.632455532033676
