"","Study_ID","Site_ID","broad_outcome","detailed_outcome","is_subset","Highest_taxonomic_resolution","trophic_group","trophic_assigned","sampling_method","disturbance_type","comparison_type","disturbance_av","control_av","dist_var","control_var","var_type","dist_n","control_n","significant","approx_p_val","exact_p_val","sample_area","sampling_depth","perc_during_dist","perc_annual_dist","time_after_dist_start","time_after_dist_end","lat","lon","forest_type","deciduous_coniferous","plantation","plot_area","mean_annual_precipitation","mean_annual_temperature","control_SD","dist_SD","Article","Did.the.study.consist.of.both.temporal.and.spatial.comparisons.","Did.the.study.use.randomization.","Did.the.study.avoid.confounding.factors.","Can.study.determine.causality.","Validity","study_year","yi","vi","sei","e_n","inv_n_tilda","sqrt_inv_n_tilda"
"1","Bakonyi_2007a","Bakonyi_2007a_1","alpha diversity","richness",FALSE,"Nematoda",NA,NA,"Cobb's decanting and sieving method","drought","undisturbed vs disturbed",23.7,22.6,3.1,2.7,"SD",27,27,FALSE,">0.05",0.538,12.6,10,-100,-16.67,760,NA,46.88333333,19.38333333,"temperate seasonal forest","mixed",FALSE,20,575,10.5,2.7,3.1,"Bakonyi et al. 2007","Partially","No","Partially","Yes","Low validity",2007,0.0475251418628453,0.00116229369727123,0.0340924287382292,54,0.0740740740740741,0.272165526975909
"2","Homet_2021a","Homet_2021a_1","alpha diversity","shannon wiener",FALSE,"Mesofauna",NA,NA,"tullgren funnel","drought","undisturbed vs disturbed",1.13,1.1,0.06,0.06,"SE",21,92,NA,NA,NA,NA,NA,-30,-30,92,NA,36.568749,-5.53564,"temperate seasonal forest","mixed",FALSE,300,1033,NA,0.575499782797526,0.27495454169735,"Homet et al. 2021","Partially","No","Yes","Yes","Low validity",2021,0.0269074529199242,0.00579453467171591,0.0761218409637859,68.3893805309735,0.0584886128364389,0.241844191239812
"3","Homet_2021a","Homet_2021a_1","alpha diversity","richness",FALSE,"Mesofauna",NA,NA,"tullgren funnel","drought","undisturbed vs disturbed",2.447761194,3.164179104,0.417910448,0.417910448,"SE",21,92,NA,NA,NA,NA,NA,-30,-30,92,NA,36.568749,-5.53564,"temperate seasonal forest","mixed",FALSE,300,1033,NA,4.00845620088028,1.91510626167291,"Homet et al. 2021","Partially","No","Yes","Yes","Low validity",2021,-0.256719846709066,0.0465932461669083,0.215854687618565,68.3893805309735,0.0584886128364389,0.241844191239812
"4","Homet_2021a","Homet_2021a_1","alpha diversity","shannon wiener",FALSE,"Mesofauna",NA,NA,"tullgren funnel","drought","undisturbed vs disturbed",0.26,0.46,0.06,0.06,"SE",43,5,NA,NA,NA,NA,NA,-30,-30,0,NA,36.568749,-5.53564,"temperate seasonal forest","mixed",FALSE,300,1033,NA,0.217345587364704,0.39344631145812,"Homet et al. 2021","Partially","No","Yes","Yes","Low validity",2021,-0.570544858467613,0.0979038748706807,0.312895948952173,17.9166666666667,0.223255813953488,0.472499538574895
"5","Homet_2021a","Homet_2021a_1","alpha diversity","richness",FALSE,"Mesofauna",NA,NA,"tullgren funnel","drought","undisturbed vs disturbed",1.731343284,3.044776119,0.47761194,0.597014925,"SE",43,5,NA,NA,NA,NA,NA,-30,-30,0,NA,36.568749,-5.53564,"temperate seasonal forest","mixed",FALSE,300,1033,NA,1.438627508648,3.13191093502262,"Homet et al. 2021","Partially","No","Yes","Yes","Low validity",2021,-0.564529802364119,0.120749317962931,0.347490025702798,17.9166666666667,0.223255813953488,0.472499538574895
"6","Homet_2021a","Homet_2021a_1","alpha diversity","shannon wiener",FALSE,"Mesofauna",NA,NA,"tullgren funnel","drought","undisturbed vs disturbed",1.58,1.53,0.03,0.03,"SE",43,274,NA,NA,NA,NA,NA,-30,-30,274,NA,36.568749,-5.53564,"temperate seasonal forest","mixed",FALSE,300,1033,NA,0.496588360717405,0.19672315572906,"Homet et al. 2021","Partially","No","Yes","Yes","Low validity",2021,0.0321571116345314,0.000744986660067698,0.0272944437581662,148.668769716088,0.0269054489899847,0.164028805366572
"7","Homet_2021a","Homet_2021a_1","alpha diversity","richness",FALSE,"Mesofauna",NA,NA,"tullgren funnel","drought","undisturbed vs disturbed",10.02985075,9.552238806,0.537313433,0.537313433,"SE",43,274,NA,NA,NA,NA,NA,-30,-30,274,NA,36.568749,-5.53564,"temperate seasonal forest","mixed",FALSE,300,1033,NA,8.89411989616372,3.52339980517916,"Homet et al. 2021","Partially","No","Yes","Yes","Low validity",2021,0.0487901645383308,0.00603396046071598,0.0776785714384345,148.668769716088,0.0269054489899847,0.164028805366572
"8","Homet_2021a","Homet_2021a_1","alpha diversity","shannon wiener",FALSE,"Mesofauna",NA,NA,"tullgren funnel","drought","undisturbed vs disturbed",1.59,1.58,0.02,0.01,"SE",43,594,NA,NA,NA,NA,NA,-30,-30,594,NA,36.568749,-5.53564,"temperate seasonal forest","mixed",FALSE,300,1033,NA,0.243721152139079,0.13114877048604,"Homet et al. 2021","Partially","No","Yes","Yes","Low validity",2021,0.00630916919326476,0.000198279272399476,0.0140811672953444,160.389324960754,0.0249393156369901,0.157921865607616
"9","Homet_2021a","Homet_2021a_1","alpha diversity","richness",FALSE,"Mesofauna",NA,NA,"tullgren funnel","drought","undisturbed vs disturbed",9.731343284,8.955223881,0.47761194,0.597014925,"SE",43,594,NA,NA,NA,NA,NA,-30,-30,594,NA,36.568749,-5.53564,"temperate seasonal forest","mixed",FALSE,300,1033,NA,14.5505165365226,3.13191093502262,"Homet et al. 2021","Partially","No","Yes","Yes","Low validity",2021,0.0831149067084514,0.00685326674698763,0.0827844595741715,160.389324960754,0.0249393156369901,0.157921865607616
"10","Homet_2021a","Homet_2021a_2","alpha diversity","shannon wiener",FALSE,"Mesofauna",NA,NA,"tullgren funnel","drought","undisturbed vs disturbed",0.357,0.447,0.048,0.06,"SE",43,43,NA,NA,NA,NA,NA,-30,-30,0,0,36.568749,-5.53564,"temperate seasonal forest","deciduous",FALSE,300,1033,NA,0.39344631145812,0.314757049166496,"Homet et al. 2021","Partially","No","Yes","Yes","Low validity",2021,-0.22482281283393,0.036095025795182,0.189986909536373,86,0.0465116279069767,0.215665546406877
"11","Homet_2021a","Homet_2021a_2","alpha diversity","shannon wiener",FALSE,"Mesofauna",NA,NA,"tullgren funnel","drought","undisturbed vs disturbed",0.354,0.402,0.03,0.027,"SE",43,43,NA,NA,NA,NA,NA,-30,-30,92,92,36.568749,-5.53564,"temperate seasonal forest","deciduous",FALSE,300,1033,NA,0.177050840156154,0.19672315572906,"Homet et al. 2021","Partially","No","Yes","Yes","Low validity",2021,-0.127155175485247,0.011692871252394,0.108133580595456,86,0.0465116279069767,0.215665546406877
"12","Homet_2021a","Homet_2021a_2","alpha diversity","shannon wiener",FALSE,"Mesofauna",NA,NA,"tullgren funnel","drought","undisturbed vs disturbed",0.486,0.483,0.042,0.045,"SE",43,43,NA,NA,NA,NA,NA,-30,-30,274,274,36.568749,-5.53564,"temperate seasonal forest","deciduous",FALSE,300,1033,NA,0.29508473359359,0.275412418020684,"Homet et al. 2021","Partially","No","Yes","Yes","Low validity",2021,0.00619197024792098,0.0161485943940166,0.127077119868278,86,0.0465116279069767,0.215665546406877
"13","Homet_2021a","Homet_2021a_2","alpha diversity","shannon wiener",FALSE,"Mesofauna",NA,NA,"tullgren funnel","drought","undisturbed vs disturbed",0.33,0.351,0.039,0.042,"SE",43,43,NA,NA,NA,NA,NA,-30,-30,594,594,36.568749,-5.53564,"temperate seasonal forest","deciduous",FALSE,300,1033,NA,0.275412418020684,0.255740102447778,"Homet et al. 2021","Partially","No","Yes","Yes","Low validity",2021,-0.0616935690053398,0.0282850077488772,0.168181472668297,86,0.0465116279069767,0.215665546406877
"14","Homet_2021a","Homet_2021a_2","alpha diversity","richness",FALSE,"Mesofauna",NA,NA,"tullgren funnel","drought","undisturbed vs disturbed",1.86,3.18,0.48,0.48,"SE",43,43,NA,NA,NA,NA,NA,-30,-30,0,0,36.568749,-5.53564,"temperate seasonal forest","deciduous",FALSE,300,1033,NA,3.14757049166496,3.14757049166496,"Homet et al. 2021","Partially","No","Yes","Yes","Low validity",2021,-0.536304709066976,0.0893812033492761,0.298966893400049,86,0.0465116279069767,0.215665546406877
"15","Homet_2021a","Homet_2021a_2","alpha diversity","richness",FALSE,"Mesofauna",NA,NA,"tullgren funnel","drought","undisturbed vs disturbed",2.52,3.18,0.42,0.42,"SE",43,43,NA,NA,NA,NA,NA,-30,-30,92,92,36.568749,-5.53564,"temperate seasonal forest","deciduous",FALSE,300,1033,NA,2.75412418020684,2.75412418020684,"Homet et al. 2021","Partially","No","Yes","Yes","Low validity",2021,-0.232622295268754,0.0452217080020569,0.212653963052789,86,0.0465116279069767,0.215665546406877
"16","Homet_2021a","Homet_2021a_2","alpha diversity","richness",FALSE,"Mesofauna",NA,NA,"tullgren funnel","drought","undisturbed vs disturbed",10.2,9.78,0.42,0.42,"SE",43,43,NA,NA,NA,NA,NA,-30,-30,274,274,36.568749,-5.53564,"temperate seasonal forest","deciduous",FALSE,300,1033,NA,2.75412418020684,2.75412418020684,"Homet et al. 2021","Partially","No","Yes","Yes","Low validity",2021,0.0420482362434994,0.00353975631251188,0.0594958512210043,86,0.0465116279069767,0.215665546406877
"17","Homet_2021a","Homet_2021a_2","alpha diversity","richness",FALSE,"Mesofauna",NA,NA,"tullgren funnel","drought","undisturbed vs disturbed",9.78,9.12,0.6,0.6,"SE",43,43,NA,NA,NA,NA,NA,-30,-30,594,594,36.568749,-5.53564,"temperate seasonal forest","deciduous",FALSE,300,1033,NA,3.9344631145812,3.9344631145812,"Homet et al. 2021","Partially","No","Yes","Yes","Low validity",2021,0.069869679960486,0.00809203970970272,0.0899557652944085,86,0.0465116279069767,0.215665546406877
"18","Johnson_2018a","Johnson_2018a_1","alpha diversity","shannon wiener",FALSE,"Nematoda",NA,NA,"pitfall traps","precip_inc","undisturbed vs disturbed",1.26,1.48,0.13,0.07,"SE",16,16,TRUE,"<0.05",0.03,204,NA,1.9837167,1.9837167,243,NA,-33.61111111,150.7406944,"temperate seasonal forest","deciduous",TRUE,1353.3,NA,NA,0.28,0.52,"Johnson et al. 2018","Partially","No","Yes","Yes","Low validity",2018,-0.160930366812637,0.0128820330718658,0.11349904436543,32,0.125,0.353553390593274
"19","Lindberg_2002a","Lindberg_2002a_1","alpha diversity","fishers alpha",FALSE,"Collembola",NA,"fungivore","tullgren funnel","drought","undisturbed vs disturbed",2.41,2.34,NA,NA,NA,4,4,FALSE,">0.05",NA,100,10,-70,-35,2555,NA,56.55,13.21666667,"boreal forest","coniferous",TRUE,506.25,1150,7.5,1.1056275531161,1.20204092327835,"Lindberg et al. 2002","Partially","Yes","Yes","Yes","Medium validity",2002,0.0294758181329537,0.11800521497819,0.343518871356713,8,0.5,0.707106781186548
"20","Lindberg_2002a","Lindberg_2002a_1","alpha diversity","shannon wiener",FALSE,"Collembola",NA,"fungivore","tullgren funnel","drought","undisturbed vs disturbed",1.22,1.85,NA,NA,NA,4,4,FALSE,">0.05",NA,100,10,-70,-35,2555,NA,56.55,13.21666667,"boreal forest","coniferous",TRUE,506.25,1150,7.5,0.874107253531961,0.608502044149207,"Lindberg et al. 2002","Partially","Yes","Yes","Yes","Medium validity",2002,-0.416334780345068,0.11800521497819,0.343518871356713,8,0.5,0.707106781186548
"21","Lindberg_2002a","Lindberg_2002a_1","alpha diversity","simpsons index",FALSE,"Collembola",NA,"fungivore","tullgren funnel","drought","undisturbed vs disturbed",12,15,0.6,0.8,"SE",4,4,TRUE,"<0.05",NA,100,10,-70,-35,2555,NA,56.55,13.21666667,"boreal forest","coniferous",TRUE,506.25,1150,7.5,1.6,1.2,"Lindberg et al. 2002","Partially","Yes","Yes","Yes","Medium validity",2002,-0.22314355131421,0.00534444444444445,0.0731057073315377,8,0.5,0.707106781186548
"22","Lindberg_2002a","Lindberg_2002a_1","alpha diversity","fishers alpha",FALSE,"Oribatida",NA,NA,"tullgren funnel","drought","undisturbed vs disturbed",3.43,3.65,NA,NA,NA,4,4,FALSE,">0.05",NA,100,10,-70,-35,2555,NA,56.55,13.21666667,"boreal forest","coniferous",TRUE,506.25,1150,7.5,1.72458998669819,1.71078853396048,"Lindberg et al. 2002","Partially","Yes","Yes","Yes","Medium validity",2002,-0.0621669064165516,0.11800521497819,0.343518871356713,8,0.5,0.707106781186548
"23","Lindberg_2002a","Lindberg_2002a_1","alpha diversity","shannon wiener",FALSE,"Oribatida",NA,NA,"tullgren funnel","drought","undisturbed vs disturbed",1.33,1.99,NA,NA,NA,4,4,TRUE,"<0.05",NA,100,10,-70,-35,2555,NA,56.55,13.21666667,"boreal forest","coniferous",TRUE,506.25,1150,7.5,0.940255910556001,0.663366982556103,"Lindberg et al. 2002","Partially","Yes","Yes","Yes","Medium validity",2002,-0.402955696502739,0.11800521497819,0.343518871356713,8,0.5,0.707106781186548
"24","Lindberg_2002a","Lindberg_2002a_1","alpha diversity","simpsons index",FALSE,"Oribatida",NA,NA,"tullgren funnel","drought","undisturbed vs disturbed",20,26,1.7,0.6,"SE",4,4,TRUE,"<0.05",NA,100,10,-70,-35,2555,NA,56.55,13.21666667,"boreal forest","coniferous",TRUE,506.25,1150,7.5,1.2,3.4,"Lindberg et al. 2002","Partially","Yes","Yes","Yes","Medium validity",2002,-0.262364264467491,0.00775754437869822,0.0880769230769231,8,0.5,0.707106781186548
"25","Lindberg_2002a","Lindberg_2002a_1","alpha diversity","fishers alpha",FALSE,"Collembola",NA,"fungivore","tullgren funnel","precip_inc","undisturbed vs disturbed",2.12,2.34,NA,NA,NA,4,4,FALSE,">0.05",NA,100,10,37,37,2555,NA,56.55,13.21666667,"boreal forest","coniferous",TRUE,2025,1150,7.5,1.1056275531161,1.05739699475108,"Lindberg et al. 2002","Partially","Yes","Yes","Yes","Medium validity",2002,-0.0987348406856889,0.11800521497819,0.343518871356713,8,0.5,0.707106781186548
"26","Lindberg_2002a","Lindberg_2002a_1","alpha diversity","shannon wiener",FALSE,"Collembola",NA,"fungivore","tullgren funnel","precip_inc","undisturbed vs disturbed",1.83,1.85,NA,NA,NA,4,4,FALSE,">0.05",NA,100,10,37,37,2555,NA,56.55,13.21666667,"boreal forest","coniferous",TRUE,2025,1150,7.5,0.874107253531961,0.91275306622381,"Lindberg et al. 2002","Partially","Yes","Yes","Yes","Medium validity",2002,-0.0108696722369039,0.11800521497819,0.343518871356713,8,0.5,0.707106781186548
"27","Lindberg_2002a","Lindberg_2002a_1","alpha diversity","simpsons index",FALSE,"Collembola",NA,"fungivore","tullgren funnel","precip_inc","undisturbed vs disturbed",14,15,NA,0.6,"SE",4,4,FALSE,">0.05",NA,100,10,37,37,2555,NA,56.55,13.21666667,"boreal forest","coniferous",TRUE,2025,1150,7.5,1.2,6.98281034269582,"Lindberg et al. 2002","Partially","Yes","Yes","Yes","Medium validity",2002,-0.0689928714869514,0.0637934187271169,0.252573590715888,8,0.5,0.707106781186548
"28","Lindberg_2002a","Lindberg_2002a_1","alpha diversity","fishers alpha",FALSE,"Oribatida",NA,NA,"tullgren funnel","precip_inc","undisturbed vs disturbed",4.7,3.65,NA,NA,NA,4,4,TRUE,"<0.05",NA,100,10,37,37,2555,NA,56.55,13.21666667,"boreal forest","coniferous",TRUE,2025,1150,7.5,1.72458998669819,2.34422918647645,"Lindberg et al. 2002","Partially","Yes","Yes","Yes","Medium validity",2002,0.252835341121613,0.11800521497819,0.343518871356713,8,0.5,0.707106781186548
"29","Lindberg_2002a","Lindberg_2002a_1","alpha diversity","shannon wiener",FALSE,"Oribatida",NA,NA,"tullgren funnel","precip_inc","undisturbed vs disturbed",2.35,1.99,NA,NA,NA,4,4,TRUE,"<0.05",NA,100,10,37,37,2555,NA,56.55,13.21666667,"boreal forest","coniferous",TRUE,2025,1150,7.5,0.940255910556001,1.17211459323823,"Lindberg et al. 2002","Partially","Yes","Yes","Yes","Medium validity",2002,0.166280689419667,0.11800521497819,0.343518871356713,8,0.5,0.707106781186548
"30","Lindberg_2002a","Lindberg_2002a_1","alpha diversity","simpsons index",FALSE,"Oribatida",NA,NA,"tullgren funnel","precip_inc","undisturbed vs disturbed",31,26,NA,0.9,"SE",4,4,FALSE,">0.05",NA,100,10,37,37,2555,NA,56.55,13.21666667,"boreal forest","coniferous",TRUE,2025,1150,7.5,1.8,15.4619371873979,"Lindberg et al. 2002","Partially","Yes","Yes","Yes","Medium validity",2002,0.175890666463664,0.0633916435791879,0.251776971900108,8,0.5,0.707106781186548
"31","Lindberg_2004a","Lindberg_2004a_1","alpha diversity","shannon wiener",FALSE,"Collembola",NA,"fungivore","tullgren funnel","precip_inc","undisturbed vs disturbed",2.04,2.2,0.06,0.04,"SE",4,4,FALSE,">0.05",NA,100,8,NA,NA,4750,NA,64.11666667,19.45,"boreal forest","coniferous",TRUE,2500,590,NA,0.08,0.12,"Lindberg and Persson, 2004","Partially","Yes","Yes","Yes","Medium validity",2004,-0.0755075525081452,0.00119563041551088,0.0345778891129994,8,0.5,0.707106781186548
"32","Lindberg_2004a","Lindberg_2004a_1","alpha diversity","species number",FALSE,"Collembola",NA,"fungivore","tullgren funnel","precip_inc","undisturbed vs disturbed",14.9,17,1,1.1,"SE",4,4,FALSE,">0.05",NA,100,8,NA,NA,4750,NA,64.11666667,19.45,"boreal forest","coniferous",TRUE,2500,590,NA,2.2,2,"Lindberg and Persson, 2004","Partially","Yes","Yes","Yes","Medium validity",2004,-0.131852131104803,0.00869115281910834,0.0932263526000473,8,0.5,0.707106781186548
"33","Lindberg_2004a","Lindberg_2004a_1","alpha diversity","shannon wiener",FALSE,"Oribatida",NA,NA,"tullgren funnel","precip_inc","undisturbed vs disturbed",2.2,2.12,0.12,0.39,"SE",4,4,FALSE,">0.05",NA,100,8,NA,NA,4750,NA,64.11666667,19.45,"boreal forest","coniferous",TRUE,2500,590,NA,0.78,0.24,"Lindberg and Persson, 2004","Partially","Yes","Yes","Yes","Medium validity",2004,0.0370412716803491,0.0368173212431117,0.191878402232017,8,0.5,0.707106781186548
"34","Lindberg_2004a","Lindberg_2004a_1","alpha diversity","species number",FALSE,"Oribatida",NA,NA,"tullgren funnel","precip_inc","undisturbed vs disturbed",26.2,24.5,2.1,1.2,"SE",4,4,FALSE,">0.05",NA,100,8,NA,NA,4750,NA,64.11666667,19.45,"boreal forest","coniferous",TRUE,2500,590,NA,2.4,4.2,"Lindberg and Persson, 2004","Partially","Yes","Yes","Yes","Medium validity",2004,0.0670862932163698,0.00882345120607416,0.0939332273802735,8,0.5,0.707106781186548
"35","Lindberg_2006a","Lindberg_2006a_1","alpha diversity","richness",FALSE,"Collembola",NA,"fungivore","tullgren funnel","drought","undisturbed vs disturbed",10.96062992,13.95275591,0.94488189,1.637795276,"SE",4,4,TRUE,"<0.05",0.028,7854,10,-70,-35,2190,NA,56.55,13.21666667,"boreal forest","coniferous",TRUE,506.25,1150,7.5,3.275590552,1.88976378,"Lindberg and Bengtsson, 2006","Partially","Yes","Yes","Yes","Medium validity",2006,-0.241367290707274,0.0212100431740533,0.145636682103285,8,0.5,0.707106781186548
"36","Lindberg_2006a","Lindberg_2006a_1","alpha diversity","richness",FALSE,"Collembola",NA,"fungivore","tullgren funnel","drought","undisturbed vs disturbed",11.49606299,14.74015748,0.62992126,0.881889764,"SE",4,4,TRUE,"<0.05",0.018,7854,10,-70,-35,2555,NA,56.55,13.21666667,"boreal forest","coniferous",TRUE,506.25,1150,7.5,1.763779528,1.25984252,"Lindberg and Bengtsson, 2006","Partially","Yes","Yes","Yes","Medium validity",2006,-0.248570942498719,0.00658195588666285,0.081129254197625,8,0.5,0.707106781186548
"37","Lindberg_2006a","Lindberg_2006a_1","alpha diversity","richness",FALSE,"Collembola",NA,"fungivore","tullgren funnel","drought","undisturbed vs disturbed",17.29133858,15.52755906,0.818897638,0.598425197,"SE",4,4,FALSE,NA,NA,7854,10,-70,-35,2920,NA,56.55,13.21666667,"boreal forest","coniferous",TRUE,506.25,1150,7.5,1.196850394,1.637795276,"Lindberg and Bengtsson, 2006","Partially","Yes","Yes","Yes","Medium validity",2006,0.107589266997612,0.00372815638602746,0.0610586307251273,8,0.5,0.707106781186548
"38","Lindberg_2006a","Lindberg_2006a_1","alpha diversity","richness",FALSE,"Collembola",NA,"fungivore","tullgren funnel","drought","undisturbed vs disturbed",12,14.96062992,0.913385827,0.440944882,"SE",4,4,TRUE,"<0.05",0.028,7854,10,-70,-35,3285,NA,56.55,13.21666667,"boreal forest","coniferous",TRUE,506.25,1150,7.5,0.881889764,1.826771654,"Lindberg and Bengtsson, 2006","Partially","Yes","Yes","Yes","Medium validity",2006,-0.22051542882373,0.00666226520710911,0.0816227003174307,8,0.5,0.707106781186548
"39","Lindberg_2006a","Lindberg_2006a_1","alpha diversity","richness",FALSE,"Collembola",NA,"fungivore","tullgren funnel","drought","undisturbed vs disturbed",13.54330709,14.74015748,0.472440945,0.881889764,"SE",4,4,FALSE,NA,NA,7854,10,-70,-35,NA,365,56.55,13.21666667,"boreal forest","coniferous",TRUE,506.25,1150,7.5,1.763779528,0.94488189,"Lindberg and Bengtsson, 2006","Partially","Yes","Yes","Yes","Medium validity",2006,-0.0846830869586711,0.00479639038791029,0.0692559772720759,8,0.5,0.707106781186548
"40","Lindberg_2006a","Lindberg_2006a_1","alpha diversity","richness",FALSE,"Collembola",NA,"fungivore","tullgren funnel","drought","undisturbed vs disturbed",14.23622047,15.52755906,1.480314961,0.598425197,"SE",4,4,FALSE,NA,NA,7854,10,-70,-35,NA,730,56.55,13.21666667,"boreal forest","coniferous",TRUE,506.25,1150,7.5,1.196850394,2.960629922,"Lindberg and Bengtsson, 2006","Partially","Yes","Yes","Yes","Medium validity",2006,-0.0868269946963208,0.0122976161096967,0.110894617135804,8,0.5,0.707106781186548
"41","Lindberg_2006a","Lindberg_2006a_1","alpha diversity","richness",FALSE,"Collembola",NA,"fungivore","tullgren funnel","drought","undisturbed vs disturbed",13.73228346,14.96062992,0.913385827,0.440944882,"SE",4,4,FALSE,NA,NA,7854,10,-70,-35,NA,1095,56.55,13.21666667,"boreal forest","coniferous",TRUE,506.25,1150,7.5,0.881889764,1.826771654,"Lindberg and Bengtsson, 2006","Partially","Yes","Yes","Yes","Medium validity",2006,-0.0856725609339652,0.0052927785312845,0.0727514847359454,8,0.5,0.707106781186548
"42","Lindberg_2006a","Lindberg_2006a_1","alpha diversity","shannon wiener",FALSE,"Collembola",NA,"fungivore","tullgren funnel","drought","undisturbed vs disturbed",1.22,1.85,0.36,0.05,"SE",4,4,TRUE,"<0.05",0.008,7854,10,-70,-35,2555,NA,56.55,13.21666667,"boreal forest","coniferous",TRUE,506.25,1150,7.5,0.1,0.72,"Lindberg and Bengtsson, 2006","Partially","Yes","Yes","Yes","Medium validity",2006,-0.416334780345068,0.0878038275642814,0.296317106432081,8,0.5,0.707106781186548
"43","Lindberg_2006a","Lindberg_2006a_1","alpha diversity","shannon wiener",FALSE,"Collembola",NA,"fungivore","tullgren funnel","drought","undisturbed vs disturbed",1.86,1.81,0.08,0.07,"SE",4,4,FALSE,NA,NA,7854,10,-70,-35,2920,NA,56.55,13.21666667,"boreal forest","coniferous",TRUE,506.25,1150,7.5,0.14,0.16,"Lindberg and Bengtsson, 2006","Partially","Yes","Yes","Yes","Medium validity",2006,0.0272496424473755,0.0033456056868263,0.0578412109730277,8,0.5,0.707106781186548
"44","Lindberg_2006a","Lindberg_2006a_1","alpha diversity","shannon wiener",FALSE,"Collembola",NA,"fungivore","tullgren funnel","drought","undisturbed vs disturbed",1.45,1.76,0.11,0.05,"SE",4,4,FALSE,NA,NA,7854,10,-70,-35,3285,NA,56.55,13.21666667,"boreal forest","coniferous",TRUE,506.25,1150,7.5,0.1,0.22,"Lindberg and Bengtsson, 2006","Partially","Yes","Yes","Yes","Medium validity",2006,-0.193750252617577,0.00656212995400989,0.0810069747244636,8,0.5,0.707106781186548
"45","Lindberg_2006a","Lindberg_2006a_1","alpha diversity","shannon wiener",FALSE,"Collembola",NA,"fungivore","tullgren funnel","drought","undisturbed vs disturbed",1.48,1.85,0.16,0.05,"SE",4,4,FALSE,NA,NA,7854,10,-70,-35,NA,365,56.55,13.21666667,"boreal forest","coniferous",TRUE,506.25,1150,7.5,0.1,0.32,"Lindberg and Bengtsson, 2006","Partially","Yes","Yes","Yes","Medium validity",2006,-0.22314355131421,0.012417823228634,0.111435287178856,8,0.5,0.707106781186548
"46","Lindberg_2006a","Lindberg_2006a_1","alpha diversity","shannon wiener",FALSE,"Collembola",NA,"fungivore","tullgren funnel","drought","undisturbed vs disturbed",1.27,1.81,0.19,0.07,"SE",4,4,TRUE,"<0.05",0.02,7854,10,-70,-35,NA,730,56.55,13.21666667,"boreal forest","coniferous",TRUE,506.25,1150,7.5,0.14,0.38,"Lindberg and Bengtsson, 2006","Partially","Yes","Yes","Yes","Medium validity",2006,-0.354309944807234,0.0238777256041127,0.154524190999703,8,0.5,0.707106781186548
"47","Lindberg_2006a","Lindberg_2006a_1","alpha diversity","shannon wiener",FALSE,"Collembola",NA,"fungivore","tullgren funnel","drought","undisturbed vs disturbed",1.49,1.76,0.13,0.05,"SE",4,4,FALSE,NA,NA,7854,10,-70,-35,NA,1095,56.55,13.21666667,"boreal forest","coniferous",TRUE,506.25,1150,7.5,0.1,0.26,"Lindberg and Bengtsson, 2006","Partially","Yes","Yes","Yes","Medium validity",2006,-0.166537689092693,0.00841934616386128,0.0917569951767236,8,0.5,0.707106781186548
"48","Lindberg_2006a","Lindberg_2006a_1","alpha diversity","richness",FALSE,"Mesostigmata",NA,"predator","tullgren funnel","drought","undisturbed vs disturbed",7.763239875,10.68535826,0.741433022,0.828660436,"SE",4,4,TRUE,"<0.05",0.006,7854,10,-70,-35,2190,NA,56.55,13.21666667,"boreal forest","coniferous",TRUE,506.25,1150,7.5,1.657320872,1.482866044,"Lindberg and Bengtsson, 2006","Partially","Yes","Yes","Yes","Medium validity",2006,-0.319474660728458,0.0151354838301747,0.123026354209879,8,0.5,0.707106781186548
"49","Lindberg_2006a","Lindberg_2006a_1","alpha diversity","richness",FALSE,"Mesostigmata",NA,"predator","tullgren funnel","drought","undisturbed vs disturbed",7.021806854,8.722741433,0.654205607,0.479750779,"SE",4,4,TRUE,"<0.1",0.089,7854,10,-70,-35,2555,NA,56.55,13.21666667,"boreal forest","coniferous",TRUE,506.25,1150,7.5,0.959501558,1.308411214,"Lindberg and Bengtsson, 2006","Partially","Yes","Yes","Yes","Medium validity",2006,-0.216913001501624,0.0117052206591514,0.108190668077942,8,0.5,0.707106781186548
"50","Lindberg_2006a","Lindberg_2006a_1","alpha diversity","richness",FALSE,"Mesostigmata",NA,"predator","tullgren funnel","drought","undisturbed vs disturbed",6.498442368,8.722741433,0.654205607,0.697819315,"SE",4,4,TRUE,"<0.05",0.033,7854,10,-70,-35,2920,NA,56.55,13.21666667,"boreal forest","coniferous",TRUE,506.25,1150,7.5,1.39563863,1.308411214,"Lindberg and Bengtsson, 2006","Partially","Yes","Yes","Yes","Medium validity",2006,-0.294371060538716,0.0165346786086723,0.128587241235949,8,0.5,0.707106781186548
"51","Lindberg_2006a","Lindberg_2006a_1","alpha diversity","richness",FALSE,"Mesostigmata",NA,"predator","tullgren funnel","drought","undisturbed vs disturbed",6.542056075,9.333333333,0.828660436,0.30529595,"SE",4,4,TRUE,"<0.05",0.011,7854,10,-70,-35,3285,NA,56.55,13.21666667,"boreal forest","coniferous",TRUE,506.25,1150,7.5,0.6105919,1.657320872,"Lindberg and Bengtsson, 2006","Partially","Yes","Yes","Yes","Medium validity",2006,-0.355340720854167,0.0171144068791098,0.130822042787558,8,0.5,0.707106781186548
"52","Lindberg_2006a","Lindberg_2006a_1","alpha diversity","richness",FALSE,"Mesostigmata",NA,"predator","tullgren funnel","drought","undisturbed vs disturbed",9.551401869,8.722741433,0.261682243,0.479750779,"SE",4,4,FALSE,NA,NA,7854,10,-70,-35,NA,365,56.55,13.21666667,"boreal forest","coniferous",TRUE,506.25,1150,7.5,0.959501558,0.523364486,"Lindberg and Bengtsson, 2006","Partially","Yes","Yes","Yes","Medium validity",2006,0.0907543632543301,0.00377560987293137,0.061445991512314,8,0.5,0.707106781186548
"53","Lindberg_2006a","Lindberg_2006a_1","alpha diversity","richness",FALSE,"Mesostigmata",NA,"predator","tullgren funnel","drought","undisturbed vs disturbed",8.722741433,8.722741433,0.6105919,0.697819315,"SE",4,4,FALSE,NA,NA,7854,10,-70,-35,NA,730,56.55,13.21666667,"boreal forest","coniferous",TRUE,506.25,1150,7.5,1.39563863,1.2211838,"Lindberg and Bengtsson, 2006","Partially","Yes","Yes","Yes","Medium validity",2006,0,0.0113000000016279,0.106301458135004,8,0.5,0.707106781186548
"54","Lindberg_2006a","Lindberg_2006a_1","alpha diversity","richness",FALSE,"Mesostigmata",NA,"predator","tullgren funnel","drought","undisturbed vs disturbed",8.46105919,9.333333333,1.177570093,0.30529595,"SE",4,4,FALSE,NA,NA,7854,10,-70,-35,NA,1095,56.55,13.21666667,"boreal forest","coniferous",TRUE,506.25,1150,7.5,0.6105919,2.355140186,"Lindberg and Bengtsson, 2006","Partially","Yes","Yes","Yes","Medium validity",2006,-0.098117855926491,0.0204397147909537,0.142967530547862,8,0.5,0.707106781186548
"55","Lindberg_2006a","Lindberg_2006a_1","alpha diversity","shannon wiener",FALSE,"Mesostigmata",NA,"predator","tullgren funnel","drought","undisturbed vs disturbed",1.6,1.51,0.08,0.02,"SE",4,4,FALSE,NA,NA,7854,10,-70,-35,2555,NA,56.55,13.21666667,"boreal forest","coniferous",TRUE,506.25,1150,7.5,0.04,0.16,"Lindberg and Bengtsson, 2006","Partially","Yes","Yes","Yes","Medium validity",2006,0.0578939784189027,0.00267543090215341,0.0517245676845483,8,0.5,0.707106781186548
"56","Lindberg_2006a","Lindberg_2006a_1","alpha diversity","shannon wiener",FALSE,"Mesostigmata",NA,"predator","tullgren funnel","drought","undisturbed vs disturbed",1.14,1.33,0.1,0.1,"SE",4,4,FALSE,NA,NA,7854,10,-70,-35,2920,NA,56.55,13.21666667,"boreal forest","coniferous",TRUE,506.25,1150,7.5,0.2,0.2,"Lindberg and Bengtsson, 2006","Partially","Yes","Yes","Yes","Medium validity",2006,-0.154150679827258,0.0133479061061174,0.115533138562568,8,0.5,0.707106781186548
"57","Lindberg_2006a","Lindberg_2006a_1","alpha diversity","shannon wiener",FALSE,"Mesostigmata",NA,"predator","tullgren funnel","drought","undisturbed vs disturbed",1.01,1.55,0.18,0.04,"SE",4,4,TRUE,"<0.05",0.001,7854,10,-70,-35,3285,NA,56.55,13.21666667,"boreal forest","coniferous",TRUE,506.25,1150,7.5,0.08,0.36,"Lindberg and Bengtsson, 2006","Partially","Yes","Yes","Yes","Medium validity",2006,-0.428304600077987,0.0324275649456333,0.180076553014637,8,0.5,0.707106781186548
"58","Lindberg_2006a","Lindberg_2006a_1","alpha diversity","shannon wiener",FALSE,"Mesostigmata",NA,"predator","tullgren funnel","drought","undisturbed vs disturbed",1.54,1.51,0.15,0.02,"SE",4,4,FALSE,NA,NA,7854,10,-70,-35,NA,365,56.55,13.21666667,"boreal forest","coniferous",TRUE,506.25,1150,7.5,0.04,0.3,"Lindberg and Bengtsson, 2006","Partially","Yes","Yes","Yes","Medium validity",2006,0.0196727655987049,0.00966269688292589,0.0982990177108901,8,0.5,0.707106781186548
"59","Lindberg_2006a","Lindberg_2006a_1","alpha diversity","shannon wiener",FALSE,"Mesostigmata",NA,"predator","tullgren funnel","drought","undisturbed vs disturbed",1.39,1.33,0.03,0.1,"SE",4,4,FALSE,NA,NA,7854,10,-70,-35,NA,730,56.55,13.21666667,"boreal forest","coniferous",TRUE,506.25,1150,7.5,0.2,0.06,"Lindberg and Bengtsson, 2006","Partially","Yes","Yes","Yes","Medium validity",2006,0.0441248049089379,0.00611904522025508,0.078224326269103,8,0.5,0.707106781186548
"60","Lindberg_2006a","Lindberg_2006a_1","alpha diversity","shannon wiener",FALSE,"Mesostigmata",NA,"predator","tullgren funnel","drought","undisturbed vs disturbed",1.42,1.55,0.09,0.04,"SE",4,4,FALSE,NA,NA,7854,10,-70,-35,NA,1095,56.55,13.21666667,"boreal forest","coniferous",TRUE,506.25,1150,7.5,0.08,0.18,"Lindberg and Bengtsson, 2006","Partially","Yes","Yes","Yes","Medium validity",2006,-0.087598059317986,0.00468303305197072,0.0684326899366868,8,0.5,0.707106781186548
"61","Lindberg_2006a","Lindberg_2006a_1","alpha diversity","richness",FALSE,"Oribatida",NA,NA,"tullgren funnel","drought","undisturbed vs disturbed",18,26.1643836,1.260273973,2.02739726,"SE",4,4,TRUE,"<0.001",NA,7854,10,-70,-35,2190,NA,56.55,13.21666667,"boreal forest","coniferous",TRUE,506.25,1150,7.5,4.05479452,2.520547946,"Lindberg and Bengtsson, 2006","Partially","Yes","Yes","Yes","Medium validity",2006,-0.374027323462088,0.0109063524890653,0.104433483562817,8,0.5,0.707106781186548
"62","Lindberg_2006a","Lindberg_2006a_1","alpha diversity","richness",FALSE,"Oribatida",NA,NA,"tullgren funnel","drought","undisturbed vs disturbed",19.31506849,25.4520548,1.260273973,0.657534247,"SE",4,4,TRUE,"<0.05",0.005,7854,10,-70,-35,2555,NA,56.55,13.21666667,"boreal forest","coniferous",TRUE,506.25,1150,7.5,1.315068494,2.520547946,"Lindberg and Bengtsson, 2006","Partially","Yes","Yes","Yes","Medium validity",2006,-0.275910936379976,0.00492473858285917,0.0701764816933649,8,0.5,0.707106781186548
"63","Lindberg_2006a","Lindberg_2006a_1","alpha diversity","richness",FALSE,"Oribatida",NA,NA,"tullgren funnel","drought","undisturbed vs disturbed",19.47945205,25.7260274,1.260273973,1.863013699,"SE",4,4,TRUE,"<0.05",0.005,7854,10,-70,-35,2920,NA,56.55,13.21666667,"boreal forest","coniferous",TRUE,506.25,1150,7.5,3.726027398,2.520547946,"Lindberg and Bengtsson, 2006","Partially","Yes","Yes","Yes","Medium validity",2006,-0.278143049757651,0.00943006990948875,0.0971085470465332,8,0.5,0.707106781186548
"64","Lindberg_2006a","Lindberg_2006a_1","alpha diversity","richness",FALSE,"Oribatida",NA,NA,"tullgren funnel","drought","undisturbed vs disturbed",19.20547945,24.1917808,2.082191781,1.643835616,"SE",4,4,TRUE,"<0.05",0.02,7854,10,-70,-35,3285,NA,56.55,13.21666667,"boreal forest","coniferous",TRUE,506.25,1150,7.5,3.287671232,4.164383562,"Lindberg and Bengtsson, 2006","Partially","Yes","Yes","Yes","Medium validity",2006,-0.230817312770358,0.0163713734309857,0.127950667958341,8,0.5,0.707106781186548
"65","Lindberg_2006a","Lindberg_2006a_1","alpha diversity","richness",FALSE,"Oribatida",NA,NA,"tullgren funnel","drought","undisturbed vs disturbed",20.68493151,25.4520548,0.821917808,0.657534247,"SE",4,4,TRUE,"<0.05",0.027,7854,10,-70,-35,NA,365,56.55,13.21666667,"boreal forest","coniferous",TRUE,506.25,1150,7.5,1.315068494,1.643835616,"Lindberg and Bengtsson, 2006","Partially","Yes","Yes","Yes","Medium validity",2006,-0.207390989627781,0.00224628557667899,0.0473949952703762,8,0.5,0.707106781186548
"66","Lindberg_2006a","Lindberg_2006a_1","alpha diversity","richness",FALSE,"Oribatida",NA,NA,"tullgren funnel","drought","undisturbed vs disturbed",22.43835616,25.7260274,2.630136986,1.863013699,"SE",4,4,FALSE,NA,NA,7854,10,-70,-35,NA,730,56.55,13.21666667,"boreal forest","coniferous",TRUE,506.25,1150,7.5,3.726027398,5.260273972,"Lindberg and Bengtsson, 2006","Partially","Yes","Yes","Yes","Medium validity",2006,-0.13673139565705,0.0189839074317327,0.137782101274922,8,0.5,0.707106781186548
"67","Lindberg_2006a","Lindberg_2006a_1","alpha diversity","richness",FALSE,"Oribatida",NA,NA,"tullgren funnel","drought","undisturbed vs disturbed",22.16438356,24.1917808,NA,1.643835616,"SE",4,4,FALSE,NA,NA,7854,10,-70,-35,NA,1095,56.55,13.21666667,"boreal forest","coniferous",TRUE,506.25,1150,7.5,3.287671232,11.0549776258747,"Lindberg and Bengtsson, 2006","Partially","Yes","Yes","Yes","Medium validity",2006,-0.0875262827136317,0.0668106443191199,0.258477550899725,8,0.5,0.707106781186548
"68","Lindberg_2006a","Lindberg_2006a_1","alpha diversity","shannon wiener",FALSE,"Oribatida",NA,NA,"tullgren funnel","drought","undisturbed vs disturbed",1.31,1.96,0.1,0.07,"SE",4,4,TRUE,"<0.05",0.005,7854,10,-70,-35,2555,NA,56.55,13.21666667,"boreal forest","coniferous",TRUE,506.25,1150,7.5,0.14,0.2,"Lindberg and Bengtsson, 2006","Partially","Yes","Yes","Yes","Medium validity",2006,-0.402917336029366,0.00710267645313472,0.0842773780627679,8,0.5,0.707106781186548
"69","Lindberg_2006a","Lindberg_2006a_1","alpha diversity","shannon wiener",FALSE,"Oribatida",NA,NA,"tullgren funnel","drought","undisturbed vs disturbed",1.09,1.88,0.15,0.06,"SE",4,4,TRUE,"<0.05",0.001,7854,10,-70,-35,2920,NA,56.55,13.21666667,"boreal forest","coniferous",TRUE,506.25,1150,7.5,0.12,0.3,"Lindberg and Bengtsson, 2006","Partially","Yes","Yes","Yes","Medium validity",2006,-0.545094080600805,0.0199563602830834,0.141266982282072,8,0.5,0.707106781186548
"70","Lindberg_2006a","Lindberg_2006a_1","alpha diversity","shannon wiener",FALSE,"Oribatida",NA,NA,"tullgren funnel","drought","undisturbed vs disturbed",1.25,1.94,0.22,0.06,"SE",4,4,TRUE,"<0.05",0.003,7854,10,-70,-35,3285,NA,56.55,13.21666667,"boreal forest","coniferous",TRUE,506.25,1150,7.5,0.12,0.44,"Lindberg and Bengtsson, 2006","Partially","Yes","Yes","Yes","Medium validity",2006,-0.439544421761027,0.0319325309809757,0.178696757052207,8,0.5,0.707106781186548
"71","Lindberg_2006a","Lindberg_2006a_1","alpha diversity","shannon wiener",FALSE,"Oribatida",NA,NA,"tullgren funnel","drought","undisturbed vs disturbed",1.41,1.96,0.17,0.07,"SE",4,4,TRUE,"<0.05",0.005,7854,10,-70,-35,NA,365,56.55,13.21666667,"boreal forest","coniferous",TRUE,506.25,1150,7.5,0.14,0.34,"Lindberg and Bengtsson, 2006","Partially","Yes","Yes","Yes","Medium validity",2006,-0.329354768852349,0.0158120023322442,0.125745784550593,8,0.5,0.707106781186548
"72","Lindberg_2006a","Lindberg_2006a_1","alpha diversity","shannon wiener",FALSE,"Oribatida",NA,NA,"tullgren funnel","drought","undisturbed vs disturbed",1.52,1.88,0.17,0.06,"SE",4,4,TRUE,"<0.1",0.092,7854,10,-70,-35,NA,730,56.55,13.21666667,"boreal forest","coniferous",TRUE,506.25,1150,7.5,0.12,0.34,"Lindberg and Bengtsson, 2006","Partially","Yes","Yes","Yes","Medium validity",2006,-0.212561441983673,0.0135272169442811,0.116306564493502,8,0.5,0.707106781186548
"73","Lindberg_2006a","Lindberg_2006a_1","alpha diversity","shannon wiener",FALSE,"Oribatida",NA,NA,"tullgren funnel","drought","undisturbed vs disturbed",1.51,1.94,0.17,0.06,"SE",4,4,TRUE,"<0.05",0.049,7854,10,-70,-35,NA,1095,56.55,13.21666667,"boreal forest","coniferous",TRUE,506.25,1150,7.5,0.12,0.34,"Lindberg and Bengtsson, 2006","Partially","Yes","Yes","Yes","Medium validity",2006,-0.250578322248404,0.0136314136615598,0.116753645174615,8,0.5,0.707106781186548
"74","Riutta_2012a","Riutta_2012a_1","alpha diversity","species number",FALSE,"Diplopoda",NA,NA,"hand sorting","precip_inc","undisturbed vs disturbed",1.005882353,0.811764706,0.414705882,0.194117647,"SE",5,5,NA,NA,NA,NA,NA,121,30.25,120,NA,51.76666667,-1.333333333,"temperate seasonal forest","deciduous",FALSE,9,730,10.1,0.434060254324308,0.927310542821007,"Ruitta et al. 2012","Yes","No","Yes","Yes","Low validity",2012,0.214409871259007,0.227158741517977,0.476611730361284,10,0.4,0.632455532033676
"75","Riutta_2012a","Riutta_2012a_1","alpha diversity","species number",FALSE,"Diplopoda",NA,NA,"hand sorting","precip_inc","undisturbed vs disturbed",1.720588235,1.217647059,0.114705882,0.317647059,"SE",5,5,NA,NA,NA,NA,NA,121,30.25,120,NA,51.76666667,-1.333333333,"temperate seasonal forest","deciduous",FALSE,9,730,10.1,0.710280416776886,0.25649014957107,"Ruitta et al. 2012","Yes","No","Yes","Yes","Low validity",2012,0.345745873090675,0.0724973745312132,0.269253364939444,10,0.4,0.632455532033676
"76","Riutta_2012a","Riutta_2012a_1","alpha diversity","species number",FALSE,"Oniscidea",NA,NA,"hand sorting","precip_inc","undisturbed vs disturbed",1.203296703,0.906593407,0.247252747,0.28021978,"SE",5,5,NA,NA,NA,NA,NA,121,30.25,120,NA,51.76666667,-1.333333333,"temperate seasonal forest","deciduous",FALSE,9,730,10.1,0.626590476720036,0.552873949915557,"Ruitta et al. 2012","Yes","No","Yes","Yes","Low validity",2012,0.28312625522086,0.137758994998329,0.371158988842152,10,0.4,0.632455532033676
"77","Riutta_2012a","Riutta_2012a_1","alpha diversity","species number",FALSE,"Oniscidea",NA,NA,"hand sorting","precip_inc","undisturbed vs disturbed",1.392857143,0.791208791,0.107142857,0.197802198,"SE",5,5,NA,NA,NA,NA,NA,121,30.25,120,NA,51.76666667,-1.333333333,"temperate seasonal forest","deciduous",FALSE,9,730,10.1,0.442299160826873,0.239578711555539,"Ruitta et al. 2012","Yes","No","Yes","Yes","Low validity",2012,0.56555052382169,0.0684171599043069,0.261566740822121,10,0.4,0.632455532033676
"78","Sohlenius_1984a","Sohlenius_1984a_1","alpha diversity","shannon wiener",FALSE,"Nematoda",NA,NA,"baerman funnel","precip_inc","undisturbed vs disturbed",3.13,1.98,NA,NA,NA,5,5,NA,NA,NA,4.15,0,76.0416667,76.0416667,2251,NA,60.81666667,16.5,"boreal forest","coniferous",NA,900,NA,NA,0.935531006482855,1.56115688375985,"Sohlenius and Wasilewska, 1984","Partially","Yes","Yes","Yes","Medium validity",1984,0.457936159845618,0.0944041719825518,0.307252619163046,10,0.4,0.632455532033676
"79","Sohlenius_1984a","Sohlenius_1984a_1","alpha diversity","shannon wiener",FALSE,"Nematoda",NA,NA,"baerman funnel","precip_inc","undisturbed vs disturbed",3.35,2.46,NA,NA,NA,5,5,NA,NA,NA,4.15,2,76.0416667,76.0416667,2251,NA,60.81666667,16.5,"boreal forest","coniferous",NA,900,NA,NA,1.16232640199385,1.67088676057364,"Sohlenius and Wasilewska, 1984","Partially","Yes","Yes","Yes","Medium validity",1984,0.308798995892704,0.0944041719825518,0.307252619163046,10,0.4,0.632455532033676
"80","Sohlenius_1984a","Sohlenius_1984a_1","alpha diversity","shannon wiener",FALSE,"Nematoda",NA,NA,"baerman funnel","precip_inc","undisturbed vs disturbed",2.94,2.66,NA,NA,NA,5,5,NA,NA,NA,4.15,8,76.0416667,76.0416667,2251,NA,60.81666667,16.5,"boreal forest","coniferous",NA,900,NA,NA,1.25682448345676,1.46639017196612,"Sohlenius and Wasilewska, 1984","Partially","Yes","Yes","Yes","Medium validity",1984,0.100083458556982,0.0944041719825518,0.307252619163046,10,0.4,0.632455532033676
"81","Sohlenius_1984a","Sohlenius_1984a_1","alpha diversity","richness",FALSE,"Nematoda",NA,NA,"baerman funnel","precip_inc","undisturbed vs disturbed",15,12,NA,NA,NA,5,5,NA,NA,NA,4.15,0,76.0416667,76.0416667,2251,NA,60.81666667,16.5,"boreal forest","coniferous",NA,900,NA,NA,5.66988488777488,7.48158251003123,"Sohlenius and Wasilewska, 1984","Partially","Yes","Yes","Yes","Medium validity",1984,0.22314355131421,0.0944041719825518,0.307252619163046,10,0.4,0.632455532033676
"82","Sohlenius_1984a","Sohlenius_1984a_1","alpha diversity","richness",FALSE,"Nematoda",NA,NA,"baerman funnel","precip_inc","undisturbed vs disturbed",19,18,NA,NA,NA,5,5,NA,NA,NA,4.15,2,76.0416667,76.0416667,2251,NA,60.81666667,16.5,"boreal forest","coniferous",NA,900,NA,NA,8.50482733166232,9.47667117937289,"Sohlenius and Wasilewska, 1984","Partially","Yes","Yes","Yes","Medium validity",1984,0.0540672212702758,0.0944041719825518,0.307252619163046,10,0.4,0.632455532033676
"83","Sohlenius_1984a","Sohlenius_1984a_1","alpha diversity","richness",FALSE,"Nematoda",NA,NA,"baerman funnel","precip_inc","undisturbed vs disturbed",17,19,NA,NA,NA,5,5,NA,NA,NA,4.15,8,76.0416667,76.0416667,2251,NA,60.81666667,16.5,"boreal forest","coniferous",NA,900,NA,NA,8.97731773897689,8.47912684470206,"Sohlenius and Wasilewska, 1984","Partially","Yes","Yes","Yes","Medium validity",1984,-0.111225635110224,0.0944041719825518,0.307252619163046,10,0.4,0.632455532033676
"84","Sun_2013a","Sun_2013a_1","alpha diversity","simpsons index",FALSE,"Nematoda",NA,NA,"Oostenbrink cottonwool filter method","precip_inc","undisturbed vs disturbed",0.11,0.08,0.02,NA,"SE",5,5,FALSE,">0.05",NA,19.6,10,30,30,1065,NA,42.4,128.1,"temperate seasonal forest","coniferous",FALSE,2500,700,3.5,0.0377992325851659,0.0548649384068957,"Sun et al. 2013","Partially","Yes","Partially","Yes","Medium validity",2013,0.318453731118535,0.0944041719825518,0.307252619163046,10,0.4,0.632455532033676
"85","Sun_2013a","Sun_2013a_1","alpha diversity","shannon wiener",FALSE,"Nematoda",NA,NA,"Oostenbrink cottonwool filter method","precip_inc","undisturbed vs disturbed",2.61,2.55,0.02,0.05,"SE",5,5,FALSE,">0.05",NA,19.6,10,30,30,1065,NA,42.4,128.1,"temperate seasonal forest","coniferous",FALSE,2500,700,3.5,1.20485053865216,1.30179535674543,"Sun et al. 2013","Partially","Yes","Partially","Yes","Medium validity",2013,0.0232568621642672,0.0944041719825518,0.307252619163046,10,0.4,0.632455532033676
"86","Tsiafouli_2005a","Tsiafouli_2005a_1","alpha diversity","shannon wiener",FALSE,"Collembola",NA,"fungivore","berlese funnel","drought","undisturbed vs disturbed",1.22,1.42,NA,NA,NA,7,7,NA,NA,NA,50.27,NA,-100,-100,120,NA,40.43333333,23.56666667,"temperate seasonal forest","coniferous",FALSE,2.1875,745.3,10.9,0.670936378386694,0.608502044149207,"Tsiafouli et al. 2005","Partially","Yes","Partially","Yes","Medium validity",2005,-0.151806012868004,0.0674315514161084,0.259675858362129,14,0.285714285714286,0.534522483824849
"87","Tsiafouli_2005a","Tsiafouli_2005a_1","alpha diversity","simpsons index",FALSE,"Collembola",NA,"fungivore","berlese funnel","drought","undisturbed vs disturbed",0.78,1.19,NA,NA,NA,7,7,NA,NA,NA,50.27,NA,-100,-100,120,NA,40.43333333,23.56666667,"temperate seasonal forest","coniferous",FALSE,2.1875,745.3,10.9,0.562263584704342,0.389042290521624,"Tsiafouli et al. 2005","Partially","Yes","Partially","Yes","Medium validity",2005,-0.422414666421938,0.0674315514161084,0.259675858362129,14,0.285714285714286,0.534522483824849
"88","Tsiafouli_2005a","Tsiafouli_2005a_1","alpha diversity","shannon wiener",FALSE,"Oribatida",NA,NA,"berlese funnel","drought","undisturbed vs disturbed",1.93,2.02,NA,NA,NA,7,7,NA,NA,NA,50.27,NA,-100,-100,120,NA,40.43333333,23.56666667,"temperate seasonal forest","coniferous",FALSE,2.1875,745.3,10.9,0.954430622775438,0.962630282957352,"Tsiafouli et al. 2005","Partially","Yes","Partially","Yes","Medium validity",2005,-0.0455775084963193,0.0674315514161084,0.259675858362129,14,0.285714285714286,0.534522483824849
"89","Tsiafouli_2005a","Tsiafouli_2005a_1","alpha diversity","simpsons index",FALSE,"Oribatida",NA,NA,"berlese funnel","drought","undisturbed vs disturbed",1.4,1.29,NA,NA,NA,7,7,NA,NA,NA,50.27,NA,-100,-100,120,NA,40.43333333,23.56666667,"temperate seasonal forest","coniferous",FALSE,2.1875,745.3,10.9,0.609512625435799,0.698281034269582,"Tsiafouli et al. 2005","Partially","Yes","Partially","Yes","Medium validity",2005,0.0818300182476321,0.0674315514161084,0.259675858362129,14,0.285714285714286,0.534522483824849
"90","Tsiafouli_2005a","Tsiafouli_2005a_1","alpha diversity","species number",FALSE,"Oribatida",NA,NA,"berlese funnel","drought","undisturbed vs disturbed",10,11,NA,NA,NA,7,7,NA,NA,NA,50.27,NA,-100,-100,120,NA,40.43333333,23.56666667,"temperate seasonal forest","coniferous",FALSE,2.1875,745.3,10.9,5.19739448046031,4.98772167335416,"Tsiafouli et al. 2005","Partially","Yes","Partially","Yes","Medium validity",2005,-0.0953101798043249,0.0674315514161084,0.259675858362129,14,0.285714285714286,0.534522483824849
"91","Tsiafouli_2005a","Tsiafouli_2005a_1","alpha diversity","species number",FALSE,"Oribatida",NA,NA,"berlese funnel","drought","undisturbed vs disturbed",15,22,NA,NA,NA,7,7,NA,NA,NA,50.27,NA,-100,-100,120,NA,40.43333333,23.56666667,"temperate seasonal forest","coniferous",FALSE,2.1875,745.3,10.9,10.3947889609206,7.48158251003123,"Tsiafouli et al. 2005","Partially","Yes","Partially","Yes","Medium validity",2005,-0.382992252256106,0.0674315514161084,0.259675858362129,14,0.285714285714286,0.534522483824849
"92","Tsiafouli_2005a","Tsiafouli_2005a_1","alpha diversity","shannon wiener",FALSE,"Collembola",NA,"fungivore","berlese funnel","precip_inc","undisturbed vs disturbed",1.83,1.42,NA,NA,NA,7,7,NA,NA,NA,50.27,NA,34.935305,34.935305,120,NA,40.43333333,23.56666667,"temperate seasonal forest","coniferous",FALSE,2.1875,745.3,10.9,0.670936378386694,0.91275306622381,"Tsiafouli et al. 2005","Partially","Yes","Partially","Yes","Medium validity",2005,0.25365909524016,0.0674315514161084,0.259675858362129,14,0.285714285714286,0.534522483824849
"93","Tsiafouli_2005a","Tsiafouli_2005a_1","alpha diversity","simpsons index",FALSE,"Collembola",NA,"fungivore","berlese funnel","precip_inc","undisturbed vs disturbed",1.43,1.19,NA,NA,NA,7,7,NA,NA,NA,50.27,NA,34.935305,34.935305,120,NA,40.43333333,23.56666667,"temperate seasonal forest","coniferous",FALSE,2.1875,745.3,10.9,0.562263584704342,0.713244199289644,"Tsiafouli et al. 2005","Partially","Yes","Partially","Yes","Medium validity",2005,0.183721137148378,0.0674315514161084,0.259675858362129,14,0.285714285714286,0.534522483824849
"94","Tsiafouli_2005a","Tsiafouli_2005a_1","alpha diversity","richness",FALSE,"Collembola",NA,"fungivore","berlese funnel","precip_inc","undisturbed vs disturbed",17,11,NA,NA,NA,7,7,NA,NA,NA,50.27,NA,34.935305,34.935305,120,NA,40.43333333,23.56666667,"temperate seasonal forest","coniferous",FALSE,2.1875,745.3,10.9,5.19739448046031,8.47912684470206,"Tsiafouli et al. 2005","Partially","Yes","Partially","Yes","Medium validity",2005,0.435318071257845,0.0674315514161084,0.259675858362129,14,0.285714285714286,0.534522483824849
"95","Tsiafouli_2005a","Tsiafouli_2005a_1","alpha diversity","shannon wiener",FALSE,"Oribatida",NA,NA,"berlese funnel","precip_inc","undisturbed vs disturbed",1.58,2.02,NA,NA,NA,7,7,NA,NA,NA,50.27,NA,34.935305,34.935305,120,NA,40.43333333,23.56666667,"temperate seasonal forest","coniferous",FALSE,2.1875,745.3,10.9,0.954430622775438,0.788060024389957,"Tsiafouli et al. 2005","Partially","Yes","Partially","Yes","Medium validity",2005,-0.245672664374238,0.0674315514161084,0.259675858362129,14,0.285714285714286,0.534522483824849
"96","Tsiafouli_2005a","Tsiafouli_2005a_1","alpha diversity","simpsons index",FALSE,"Oribatida",NA,NA,"berlese funnel","precip_inc","undisturbed vs disturbed",0.79,1.29,NA,NA,NA,7,7,NA,NA,NA,50.27,NA,34.935305,34.935305,120,NA,40.43333333,23.56666667,"temperate seasonal forest","coniferous",FALSE,2.1875,745.3,10.9,0.609512625435799,0.394030012194978,"Tsiafouli et al. 2005","Partially","Yes","Partially","Yes","Medium validity",2005,-0.490364551894651,0.0674315514161084,0.259675858362129,14,0.285714285714286,0.534522483824849
"97","Tsiafouli_2005a","Tsiafouli_2005a_1","alpha diversity","richness",FALSE,"Oribatida",NA,NA,"berlese funnel","precip_inc","undisturbed vs disturbed",30,15,NA,NA,NA,7,7,NA,NA,NA,50.27,NA,34.935305,34.935305,120,NA,40.43333333,23.56666667,"temperate seasonal forest","coniferous",FALSE,2.1875,745.3,10.9,7.0873561097186,14.9631650200625,"Tsiafouli et al. 2005","Partially","Yes","Partially","Yes","Medium validity",2005,0.693147180559945,0.0674315514161084,0.259675858362129,14,0.285714285714286,0.534522483824849
"98","Tsiafouli_2005a","Tsiafouli_2005a_1","alpha diversity","shannon wiener",FALSE,"Collembola",NA,"fungivore","berlese funnel","precip_inc","undisturbed vs disturbed",1.45,1.42,NA,NA,NA,7,7,NA,NA,NA,50.27,NA,38.4103512,38.4103512,120,NA,40.43333333,23.56666667,"temperate seasonal forest","coniferous",FALSE,2.1875,745.3,10.9,0.670936378386694,0.723219642636353,"Tsiafouli et al. 2005","Partially","Yes","Partially","Yes","Medium validity",2005,0.0209066848193136,0.0674315514161084,0.259675858362129,14,0.285714285714286,0.534522483824849
"99","Tsiafouli_2005a","Tsiafouli_2005a_1","alpha diversity","simpsons index",FALSE,"Collembola",NA,"fungivore","berlese funnel","precip_inc","undisturbed vs disturbed",1.04,1.19,NA,NA,NA,7,7,NA,NA,NA,50.27,NA,38.4103512,38.4103512,120,NA,40.43333333,23.56666667,"temperate seasonal forest","coniferous",FALSE,2.1875,745.3,10.9,0.562263584704342,0.518723054028832,"Tsiafouli et al. 2005","Partially","Yes","Partially","Yes","Medium validity",2005,-0.134732593970157,0.0674315514161084,0.259675858362129,14,0.285714285714286,0.534522483824849
"100","Tsiafouli_2005a","Tsiafouli_2005a_1","alpha diversity","richness",FALSE,"Collembola",NA,"fungivore","berlese funnel","precip_inc","undisturbed vs disturbed",15,11,NA,NA,NA,7,7,NA,NA,NA,50.27,NA,38.4103512,38.4103512,120,NA,40.43333333,23.56666667,"temperate seasonal forest","coniferous",FALSE,2.1875,745.3,10.9,5.19739448046031,7.48158251003123,"Tsiafouli et al. 2005","Partially","Yes","Partially","Yes","Medium validity",2005,0.310154928303839,0.0674315514161084,0.259675858362129,14,0.285714285714286,0.534522483824849
"101","Tsiafouli_2005a","Tsiafouli_2005a_1","alpha diversity","shannon wiener",FALSE,"Oribatida",NA,NA,"berlese funnel","precip_inc","undisturbed vs disturbed",2.22,2.02,NA,NA,NA,7,7,NA,NA,NA,50.27,NA,38.4103512,38.4103512,120,NA,40.43333333,23.56666667,"temperate seasonal forest","coniferous",FALSE,2.1875,745.3,10.9,0.954430622775438,1.10727421148462,"Tsiafouli et al. 2005","Partially","Yes","Partially","Yes","Medium validity",2005,0.0944096844710748,0.0674315514161084,0.259675858362129,14,0.285714285714286,0.534522483824849
"102","Tsiafouli_2005a","Tsiafouli_2005a_1","alpha diversity","simpsons index",FALSE,"Oribatida",NA,NA,"berlese funnel","precip_inc","undisturbed vs disturbed",1.6,1.29,NA,NA,NA,7,7,NA,NA,NA,50.27,NA,38.4103512,38.4103512,120,NA,40.43333333,23.56666667,"temperate seasonal forest","coniferous",FALSE,2.1875,745.3,10.9,0.609512625435799,0.798035467736665,"Tsiafouli et al. 2005","Partially","Yes","Partially","Yes","Medium validity",2005,0.215361410872155,0.0674315514161084,0.259675858362129,14,0.285714285714286,0.534522483824849
"103","Tsiafouli_2005a","Tsiafouli_2005a_1","alpha diversity","richness",FALSE,"Oribatida",NA,NA,"berlese funnel","precip_inc","undisturbed vs disturbed",29,15,NA,NA,NA,7,7,NA,NA,NA,50.27,NA,38.4103512,38.4103512,120,NA,40.43333333,23.56666667,"temperate seasonal forest","coniferous",FALSE,2.1875,745.3,10.9,7.0873561097186,14.464392852727,"Tsiafouli et al. 2005","Partially","Yes","Partially","Yes","Medium validity",2005,0.659245628884264,0.0674315514161084,0.259675858362129,14,0.285714285714286,0.534522483824849
"104","Wang_2021a","Wang_2021a_1","alpha diversity","shannon wiener",FALSE,"Nematoda",NA,NA,"sucrose centrifugation","drought","undisturbed vs disturbed",2.93,3.21,0.17,0.07,"SE",3,3,TRUE,"<0.05",NA,NA,NA,-30,-30,3590,NA,42.4,128.1,"temperate seasonal forest","coniferous",FALSE,2500,740,3.6,0.121243556529821,0.294448637286709,"Wang et al. 2021","Partially","Yes","Partially","Yes","Medium validity",2021,-0.0912685141129485,0.00384191470913307,0.0619831808568507,6,0.666666666666667,0.816496580927726
"105","Wang_2021a","Wang_2021a_1","alpha diversity",NA,FALSE,"Nematoda",NA,NA,"sucrose centrifugation","drought","undisturbed vs disturbed",24.59770115,20.91954023,1.609195402,4.137931034,"SE",3,3,FALSE,">0.05",NA,NA,NA,-30,-30,3590,NA,42.4,128.1,"temperate seasonal forest","coniferous",FALSE,2500,740,3.6,7.16710678910402,2.78720819557022,"Wang et al. 2021","Partially","Yes","Partially","Yes","Medium validity",2021,0.161969327962926,0.0434055592125696,0.208340008669889,6,0.666666666666667,0.816496580927726
"106","Williams_2014a","Williams_2014a_1","alpha diversity","richness",FALSE,"Coleoptera",NA,NA,"pitfall traps","drought","undisturbed vs disturbed",6.2,6.8,0.2,0.1,"SE",30,30,NA,NA,NA,78.5,NA,-33,-33,2557,NA,35.951883,-84.272722,"temperate seasonal forest","deciduous",FALSE,36,1358,14.2,0.547722557505166,1.09544511501033,"Williams et al. 2014","Partially","Yes","Partially","Yes","Medium validity",2014,-0.092373320131015,0.00125684570210529,0.0354520197182797,60,0.0666666666666667,0.258198889747161
"107","Williams_2014a","Williams_2014a_1","alpha diversity","richness",FALSE,"Coleoptera",NA,NA,"pitfall traps","precip_inc","undisturbed vs disturbed",6.5,6.8,0.2,0.1,"SE",30,30,NA,NA,NA,78.5,NA,33,33,2557,NA,35.951883,-84.272722,"temperate seasonal forest","deciduous",FALSE,36,1358,14.2,0.547722557505166,1.09544511501033,"Williams et al. 2014","Partially","Yes","Partially","Yes","Medium validity",2014,-0.0451204352804695,0.00116300853790872,0.0341029109887811,60,0.0666666666666667,0.258198889747161
