"","Study_ID","Site_ID","broad_outcome","detailed_outcome","is_subset","use_for_first_analysis","use_for_trophic_analysis","Highest_taxonomic_resolution","sampling_season","disturbance_type","comparison_type","disturbance_av","control_av","dist_var","control_var","var_type","dist_n","control_n","above_below","perc_annual_dist","time_after_dist_start","Country","Validity","Functional_group_size.y","body_length.y","body_width_taxa","mean_width","control_SD","dist_SD","lat","lon","trophic_to_use","exoskeleton","trap","study_year","cv_Control","cv_Experimental","geary_control","geary_trt","geary_test","lnrr_laj","v_lnrr_laj","yi","vi","rr_diff","sei","e_n","inv_n_tilda","sqrt_inv_n_tilda","aridity"
"1","Homet_2021a","Homet_2021a_1","alpha diversity","shannon wiener",FALSE,TRUE,FALSE,"Mesofauna","Autumn","drought","undisturbed vs disturbed",1.13,1.1,0.06,0.06,"SE",21,92,"aboveground",-30,92,"Spain","Low validity","mesofauna",NA,NA,NA,0.575499782797526,0.27495454169735,36.568749,-5.53564,NA,"yes","Other",2021,0.523181620725024,0.243322603271992,36.5672990063234,37.2235294117647,"pass",0.0268295136442119,0.00579873478798898,0.0269074529199242,0.00579453467171591,7.79392757123201e-05,0.0761218409637859,68.3893805309735,0.0584886128364389,0.241844191239812,0.4913
"2","Homet_2021a","Homet_2021a_1","alpha diversity","shannon wiener",FALSE,TRUE,FALSE,"Mesofauna","Spring","drought","undisturbed vs disturbed",1.58,1.53,0.03,0.03,"SE",43,274,"aboveground",-30,274,"Spain","Low validity","mesofauna",NA,NA,NA,0.496588360717405,0.19672315572906,36.568749,-5.53564,NA,"yes","Other",2021,0.324567556024448,0.124508326410797,101.907019143118,104.724470134875,"pass",0.0321451374520701,0.000745056107398681,0.0321571116345314,0.000744986660067698,1.19741824613842e-05,0.0272944437581662,148.668769716088,0.0269054489899847,0.164028805366572,0.4913
"3","Homet_2021a","Homet_2021a_1","alpha diversity","shannon wiener",FALSE,TRUE,FALSE,"Mesofauna","Winter","drought","undisturbed vs disturbed",1.59,1.58,0.02,0.01,"SE",43,594,"aboveground",-30,594,"Spain","Low validity","mesofauna",NA,NA,NA,0.243721152139079,0.13114877048604,36.568749,-5.53564,NA,"yes","Other",2021,0.154253893758911,0.0824835034503396,315.867059318469,158.080924855491,"pass",0.00636825114640085,0.000198285932071803,0.00630916919326476,0.000198279272399476,5.90819531360916e-05,0.0140811672953444,160.389324960754,0.0249393156369901,0.157921865607616,0.4913
"4","Homet_2021a","Homet_2021a_2","alpha diversity","shannon wiener",FALSE,TRUE,FALSE,"Mesofauna","Spring","drought","undisturbed vs disturbed",0.357,0.447,0.048,0.06,"SE",43,43,"aboveground",-30,0,"Spain","Low validity","mesofauna",NA,NA,NA,0.39344631145812,0.314757049166496,36.568749,-5.53564,NA,"yes","Other",2021,0.880193090510336,0.88167240662884,14.8138728323699,14.7890173410405,"pass",-0.224792506368481,0.0362578826153173,-0.22482281283393,0.036095025795182,3.0306465448382e-05,0.189986909536373,86,0.0465116279069767,0.215665546406877,0.4913
"5","Homet_2021a","Homet_2021a_2","alpha diversity","shannon wiener",FALSE,TRUE,FALSE,"Mesofauna","Summer","drought","undisturbed vs disturbed",0.354,0.402,0.03,0.027,"SE",43,43,"aboveground",-30,92,"Spain","Low validity","mesofauna",NA,NA,NA,0.177050840156154,0.19672315572906,36.568749,-5.53564,NA,"yes","Other",2021,0.440424975512821,0.555715129178136,29.6056518946692,23.4635838150289,"pass",-0.125819766813828,0.0117108533153195,-0.127155175485247,0.011692871252394,0.00133540867141871,0.108133580595456,86,0.0465116279069767,0.215665546406877,0.4913
"6","Homet_2021a","Homet_2021a_2","alpha diversity","shannon wiener",FALSE,TRUE,FALSE,"Mesofauna","Winter","drought","undisturbed vs disturbed",0.486,0.483,0.042,0.045,"SE",43,43,"aboveground",-30,274,"Spain","Low validity","mesofauna",NA,NA,NA,0.29508473359359,0.275412418020684,36.568749,-5.53564,NA,"yes","Other",2021,0.610941477419441,0.566692218149556,21.3425818882466,23.009083402147,"pass",0.00558604677443058,0.0161813751032573,0.00619197024792098,0.0161485943940166,0.000605923473490404,0.127077119868278,86,0.0465116279069767,0.215665546406877,0.4913
"7","Homet_2021a","Homet_2021a_2","alpha diversity","shannon wiener",FALSE,TRUE,FALSE,"Mesofauna","Autumn","drought","undisturbed vs disturbed",0.33,0.351,0.039,0.042,"SE",43,43,"aboveground",-30,594,"Spain","Low validity","mesofauna",NA,NA,NA,0.275412418020684,0.255740102447778,36.568749,-5.53564,NA,"yes","Other",2021,0.784650763591693,0.774970007417509,16.617671345995,16.8252556691863,"pass",-0.061869130731018,0.0283850283677562,-0.0616935690053398,0.0282850077488772,0.000175561725678251,0.168181472668297,86,0.0465116279069767,0.215665546406877,0.4913
"8","Johnson_2018a","Johnson_2018a_1","alpha diversity","shannon wiener",FALSE,TRUE,FALSE,"Nematoda",NA,"precip_inc","undisturbed vs disturbed",1.26,1.48,0.13,0.07,"SE",16,16,"aboveground",1.9837167,243,"Australia","Low validity","microfauna","Nematoda","Nematoda",0.0634,0.28,0.52,-33.6111111111111,150.740694444444,NA,"no","Trap",2018,0.189189189189189,0.412698412698413,41.6351648351648,19.0863905325444,"pass",-0.156726384608333,0.0129116131520609,-0.160930366812637,0.0128820330718658,0.00420398220430396,0.11349904436543,32,0.125,0.353553390593274,0.5212
"9","Lindberg_2002a","Lindberg_2002a_1","alpha diversity","shannon wiener",FALSE,TRUE,TRUE,"Collembola","Autumn","drought","undisturbed vs disturbed",1.22,1.85,NA,NA,NA,4,4,"belowground",-35,2555,"Sweden","Medium validity","mesofauna","Collembola","Collembola",1.0651,NA,NA,56.55,13.2166666666667,"detritivore-fungivore","yes","Other",2002,NA,NA,NA,NA,NA,-3.42528908804523,17.9580208268438,-0.416334780345068,NA,3.00895430770016,NA,8,0.5,0.707106781186548,1.5437
"10","Lindberg_2002a","Lindberg_2002a_1","alpha diversity","shannon wiener",FALSE,TRUE,FALSE,"Oribatida","Autumn","drought","undisturbed vs disturbed",1.33,1.99,NA,NA,NA,4,4,"belowground",-35,2555,"Sweden","Medium validity","mesofauna","Oribatida","Acari",1.1158,NA,NA,56.55,13.2166666666667,NA,"yes","Other",2002,NA,NA,NA,NA,NA,-3.4119100042029,17.9580208268438,-0.402955696502739,NA,3.00895430770016,NA,8,0.5,0.707106781186548,1.5437
"11","Lindberg_2002a","Lindberg_2002a_1","alpha diversity","shannon wiener",FALSE,TRUE,TRUE,"Collembola","Autumn","precip_inc","undisturbed vs disturbed",1.83,1.85,NA,NA,NA,4,4,"belowground",37,2555,"Sweden","Medium validity","mesofauna","Collembola","Collembola",1.0651,NA,NA,56.55,13.2166666666667,"detritivore-fungivore","yes","Other",2002,NA,NA,NA,NA,NA,-3.01982397993707,17.9580208268438,-0.0108696722369039,NA,3.00895430770016,NA,8,0.5,0.707106781186548,1.5437
"12","Lindberg_2002a","Lindberg_2002a_1","alpha diversity","shannon wiener",FALSE,TRUE,FALSE,"Oribatida","Autumn","precip_inc","undisturbed vs disturbed",2.35,1.99,NA,NA,NA,4,4,"belowground",37,2555,"Sweden","Medium validity","mesofauna","Oribatida","Acari",1.1158,NA,NA,56.55,13.2166666666667,NA,"yes","Other",2002,NA,NA,NA,NA,NA,-2.8426736182805,17.9580208268438,0.166280689419667,NA,3.00895430770016,NA,8,0.5,0.707106781186548,1.5437
"13","Lindberg_2004a","Lindberg_2004a_1","alpha diversity","shannon wiener",FALSE,TRUE,TRUE,"Collembola","Autumn","precip_inc","undisturbed vs disturbed",2.04,2.2,0.06,0.04,"SE",4,4,"belowground",NA,4750,"Sweden","Medium validity","mesofauna","Collembola","Collembola",1.0651,0.08,0.12,64.1166666666667,19.45,"detritivore-fungivore","yes","Other",2004,0.0363636363636364,0.0588235294117647,103.529411764706,64,"pass",-0.0752403158127865,0.00119584481474787,-0.0755075525081452,0.00119563041551088,0.000267236695358622,0.0345778891129994,8,0.5,0.707106781186548,1.0774
"14","Lindberg_2004a","Lindberg_2004a_1","alpha diversity","shannon wiener",FALSE,TRUE,FALSE,"Oribatida","Autumn","precip_inc","undisturbed vs disturbed",2.2,2.12,0.12,0.39,"SE",4,4,"belowground",NA,4750,"Sweden","Medium validity","mesofauna","Oribatida","Acari",1.1158,0.78,0.24,64.1166666666667,19.45,NA,"yes","Other",2004,0.367924528301887,0.109090909090909,10.2322775263952,34.5098039215686,"pass",0.0216078176703635,0.0371058563873907,0.0370412716803491,0.0368173212431117,0.0154334540099856,0.191878402232017,8,0.5,0.707106781186548,1.0774
"15","Lindberg_2006a","Lindberg_2006a_1","alpha diversity","shannon wiener",FALSE,TRUE,TRUE,"Collembola","Autumn","drought","undisturbed vs disturbed",1.22,1.85,0.36,0.05,"SE",4,4,"belowground",-35,2555,"Sweden","Medium validity","mesofauna","Collembola","Collembola",1.0651,0.1,0.72,56.55,13.2166666666667,"detritivore-fungivore","yes","Other",2006,0.0540540540540541,0.590163934426229,69.6470588235294,6.37908496732026,"pass",-0.373163326752847,0.0896994037837813,-0.416334780345068,0.0878038275642814,0.0431714535922211,0.296317106432081,8,0.5,0.707106781186548,1.5437
"16","Lindberg_2006a","Lindberg_2006a_1","alpha diversity","shannon wiener",FALSE,TRUE,TRUE,"Collembola","Autumn","drought","undisturbed vs disturbed",1.86,1.81,0.08,0.07,"SE",4,4,"belowground",-35,2920,"Sweden","Medium validity","mesofauna","Collembola","Collembola",1.0651,0.14,0.16,56.55,13.2166666666667,"detritivore-fungivore","yes","Other",2006,0.0773480662983426,0.0860215053763441,48.672268907563,43.7647058823529,"pass",0.0274267644507654,0.00334702050760481,0.0272496424473755,0.0033456056868263,0.000177122003389884,0.0578412109730277,8,0.5,0.707106781186548,1.5437
"17","Lindberg_2006a","Lindberg_2006a_1","alpha diversity","shannon wiener",FALSE,TRUE,TRUE,"Collembola","Autumn","drought","undisturbed vs disturbed",1.45,1.76,0.11,0.05,"SE",4,4,"belowground",-35,3285,"Sweden","Medium validity","mesofauna","Collembola","Collembola",1.0651,0.1,0.22,56.55,13.2166666666667,"detritivore-fungivore","yes","Other",2006,0.0568181818181818,0.151724137931034,66.2588235294118,24.8128342245989,"pass",-0.191276264086853,0.00657057295732663,-0.193750252617577,0.00656212995400989,0.00247398853072398,0.0810069747244636,8,0.5,0.707106781186548,1.5437
"18","Lindberg_2006a","Lindberg_2006a_1","alpha diversity","shannon wiener",FALSE,TRUE,TRUE,"Collembola","Autumn","drought","undisturbed vs disturbed",1.48,1.85,0.16,0.05,"SE",4,4,"belowground",-35,NA,"Sweden","Medium validity","mesofauna","Collembola","Collembola",1.0651,0.1,0.32,56.55,13.2166666666667,"detritivore-fungivore","yes","Other",2006,0.0540540540540541,0.216216216216216,69.6470588235294,17.4117647058824,"pass",-0.217665099889812,0.012452105235356,-0.22314355131421,0.012417823228634,0.00547845142439746,0.111435287178856,8,0.5,0.707106781186548,1.5437
"19","Lindberg_2006a","Lindberg_2006a_1","alpha diversity","shannon wiener",FALSE,TRUE,TRUE,"Collembola","Autumn","drought","undisturbed vs disturbed",1.27,1.81,0.19,0.07,"SE",4,4,"belowground",-35,NA,"Sweden","Medium validity","mesofauna","Collembola","Collembola",1.0651,0.14,0.38,56.55,13.2166666666667,"detritivore-fungivore","yes","Other",2006,0.0773480662983426,0.299212598425197,48.672268907563,12.5820433436533,"pass",-0.343866762845201,0.024003523851362,-0.354309944807234,0.0238777256041127,0.0104431819620331,0.154524190999703,8,0.5,0.707106781186548,1.5437
"20","Lindberg_2006a","Lindberg_2006a_1","alpha diversity","shannon wiener",FALSE,TRUE,TRUE,"Collembola","Autumn","drought","undisturbed vs disturbed",1.49,1.76,0.13,0.05,"SE",4,4,"belowground",-35,NA,"Sweden","Medium validity","mesofauna","Collembola","Collembola",1.0651,0.1,0.26,56.55,13.2166666666667,"detritivore-fungivore","yes","Other",2006,0.0568181818181818,0.174496644295302,66.2588235294118,21.5746606334842,"pass",-0.163135092457043,0.00843399566952211,-0.166537689092693,0.00841934616386128,0.00340259663564962,0.0917569951767236,8,0.5,0.707106781186548,1.5437
"21","Lindberg_2006a","Lindberg_2006a_1","alpha diversity","shannon wiener",FALSE,TRUE,TRUE,"Mesostigmata","Autumn","drought","undisturbed vs disturbed",1.6,1.51,0.08,0.02,"SE",4,4,"belowground",-35,2555,"Sweden","Medium validity","mesofauna","Mesostigmata","Mesostigmata",2.1,0.04,0.16,56.55,13.2166666666667,"predator","yes","Other",2006,0.0264900662251656,0.1,142.117647058824,37.6470588235294,"pass",0.0590562629678259,0.00267700109615377,0.0578939784189027,0.00267543090215341,0.00116228454892325,0.0517245676845483,8,0.5,0.707106781186548,1.5437
"22","Lindberg_2006a","Lindberg_2006a_1","alpha diversity","shannon wiener",FALSE,TRUE,TRUE,"Mesostigmata","Autumn","drought","undisturbed vs disturbed",1.14,1.33,0.1,0.1,"SE",4,4,"belowground",-35,2920,"Sweden","Medium validity","mesofauna","Mesostigmata","Mesostigmata",2.1,0.2,0.2,56.55,13.2166666666667,"predator","yes","Other",2006,0.150375939849624,0.175438596491228,25.0352941176471,21.4588235294118,"pass",-0.153129957595614,0.0133706978677317,-0.154150679827258,0.0133479061061174,0.0010207222316444,0.115533138562568,8,0.5,0.707106781186548,1.5437
"23","Lindberg_2006a","Lindberg_2006a_1","alpha diversity","shannon wiener",FALSE,TRUE,TRUE,"Mesostigmata","Autumn","drought","undisturbed vs disturbed",1.01,1.55,0.18,0.04,"SE",4,4,"belowground",-35,3285,"Sweden","Medium validity","mesofauna","Mesostigmata","Mesostigmata",2.1,0.08,0.36,56.55,13.2166666666667,"predator","yes","Other",2006,0.0516129032258065,0.356435643564356,72.9411764705882,10.562091503268,"pass",-0.41275679055002,0.0326798755072302,-0.428304600077987,0.0324275649456333,0.0155478095279675,0.180076553014637,8,0.5,0.707106781186548,1.5437
"24","Lindberg_2006a","Lindberg_2006a_1","alpha diversity","shannon wiener",FALSE,TRUE,TRUE,"Mesostigmata","Autumn","drought","undisturbed vs disturbed",1.54,1.51,0.15,0.02,"SE",4,4,"belowground",-35,NA,"Sweden","Medium validity","mesofauna","Mesostigmata","Mesostigmata",2.1,0.04,0.3,56.55,13.2166666666667,"predator","yes","Other",2006,0.0264900662251656,0.194805194805195,142.117647058824,19.3254901960784,"pass",0.0243286831380144,0.00968520663087372,0.0196727655987049,0.00966269688292589,0.0046559175393095,0.0982990177108901,8,0.5,0.707106781186548,1.5437
"25","Lindberg_2006a","Lindberg_2006a_1","alpha diversity","shannon wiener",FALSE,TRUE,TRUE,"Mesostigmata","Autumn","drought","undisturbed vs disturbed",1.39,1.33,0.03,0.1,"SE",4,4,"belowground",-35,NA,"Sweden","Medium validity","mesofauna","Mesostigmata","Mesostigmata",2.1,0.2,0.06,56.55,13.2166666666667,"predator","yes","Other",2006,0.150375939849624,0.0431654676258993,25.0352941176471,87.2156862745098,"pass",0.0415310966976509,0.00612708922069867,0.0441248049089379,0.00611904522025508,0.00259370821128696,0.078224326269103,8,0.5,0.707106781186548,1.5437
"26","Lindberg_2006a","Lindberg_2006a_1","alpha diversity","shannon wiener",FALSE,TRUE,TRUE,"Mesostigmata","Autumn","drought","undisturbed vs disturbed",1.42,1.55,0.09,0.04,"SE",4,4,"belowground",-35,NA,"Sweden","Medium validity","mesofauna","Mesostigmata","Mesostigmata",2.1,0.08,0.18,56.55,13.2166666666667,"predator","yes","Other",2006,0.0516129032258065,0.126760563380282,72.9411764705882,29.6993464052288,"pass",-0.0859225157368497,0.00468717812493759,-0.087598059317986,0.00468303305197072,0.00167554358113627,0.0684326899366868,8,0.5,0.707106781186548,1.5437
"27","Lindberg_2006a","Lindberg_2006a_1","alpha diversity","shannon wiener",FALSE,TRUE,FALSE,"Oribatida","Autumn","drought","undisturbed vs disturbed",1.31,1.96,0.1,0.07,"SE",4,4,"belowground",-35,2555,"Sweden","Medium validity","mesofauna","Oribatida","Acari",1.1158,0.14,0.2,56.55,13.2166666666667,NA,"yes","Other",2006,0.0714285714285714,0.152671755725191,52.7058823529412,24.6588235294118,"pass",-0.40064150800688,0.00711157215132842,-0.402917336029366,0.00710267645313472,0.00227582802248577,0.0842773780627679,8,0.5,0.707106781186548,1.5437
"28","Lindberg_2006a","Lindberg_2006a_1","alpha diversity","shannon wiener",FALSE,TRUE,FALSE,"Oribatida","Autumn","drought","undisturbed vs disturbed",1.09,1.88,0.15,0.06,"SE",4,4,"belowground",-35,2920,"Sweden","Medium validity","mesofauna","Oribatida","Acari",1.1158,0.12,0.3,56.55,13.2166666666667,NA,"yes","Other",2006,0.0638297872340425,0.275229357798165,58.9803921568627,13.678431372549,"pass",-0.53613446089385,0.0200462797151985,-0.545094080600805,0.0199563602830834,0.0089596197069558,0.141266982282072,8,0.5,0.707106781186548,1.5437
"29","Lindberg_2006a","Lindberg_2006a_1","alpha diversity","shannon wiener",FALSE,TRUE,FALSE,"Oribatida","Autumn","drought","undisturbed vs disturbed",1.25,1.94,0.22,0.06,"SE",4,4,"belowground",-35,3285,"Sweden","Medium validity","mesofauna","Oribatida","Acari",1.1158,0.12,0.44,56.55,13.2166666666667,NA,"yes","Other",2006,0.0618556701030928,0.352,60.8627450980392,10.6951871657754,"pass",-0.424534687251515,0.032172637862855,-0.439544421761027,0.0319325309809757,0.015009734509512,0.178696757052207,8,0.5,0.707106781186548,1.5437
"30","Lindberg_2006a","Lindberg_2006a_1","alpha diversity","shannon wiener",FALSE,TRUE,FALSE,"Oribatida","Autumn","drought","undisturbed vs disturbed",1.41,1.96,0.17,0.07,"SE",4,4,"belowground",-35,NA,"Sweden","Medium validity","mesofauna","Oribatida","Acari",1.1158,0.14,0.34,56.55,13.2166666666667,NA,"yes","Other",2006,0.0714285714285714,0.24113475177305,52.7058823529412,15.6124567474048,"pass",-0.322724277890308,0.0158652364646624,-0.329354768852349,0.0158120023322442,0.00663049096204055,0.125745784550593,8,0.5,0.707106781186548,1.5437
"31","Lindberg_2006a","Lindberg_2006a_1","alpha diversity","shannon wiener",FALSE,TRUE,FALSE,"Oribatida","Autumn","drought","undisturbed vs disturbed",1.52,1.88,0.17,0.06,"SE",4,4,"belowground",-35,NA,"Sweden","Medium validity","mesofauna","Oribatida","Acari",1.1158,0.12,0.34,56.55,13.2166666666667,NA,"yes","Other",2006,0.0638297872340425,0.223684210526316,58.9803921568627,16.8304498269896,"pass",-0.206816393946118,0.0135665929325402,-0.212561441983673,0.0135272169442811,0.0057450480375548,0.116306564493502,8,0.5,0.707106781186548,1.5437
"32","Lindberg_2006a","Lindberg_2006a_1","alpha diversity","shannon wiener",FALSE,TRUE,FALSE,"Oribatida","Autumn","drought","undisturbed vs disturbed",1.51,1.94,0.17,0.06,"SE",4,4,"belowground",-35,NA,"Sweden","Medium validity","mesofauna","Oribatida","Acari",1.1158,0.12,0.34,56.55,13.2166666666667,NA,"yes","Other",2006,0.0618556701030928,0.225165562913907,60.8627450980392,16.719723183391,"pass",-0.244719146398599,0.0136718055621809,-0.250578322248404,0.0136314136615598,0.0058591758498043,0.116753645174615,8,0.5,0.707106781186548,1.5437
"33","Tsiafouli_2005a","Tsiafouli_2005a_1","alpha diversity","shannon wiener",FALSE,TRUE,TRUE,"Collembola","Winter","drought","undisturbed vs disturbed",1.22,1.42,NA,NA,NA,7,7,"belowground",-100,120,"Greece","Medium validity","mesofauna","Collembola","Collembola",1.0651,NA,NA,40.4333333333333,23.5666666666667,"detritivore-fungivore","yes","Other",2005,NA,NA,NA,NA,NA,-1.87120847441095,7.60525364867349,-0.151806012868004,NA,1.71940246154295,NA,14,0.285714285714286,0.534522483824849,0.4235
"34","Tsiafouli_2005a","Tsiafouli_2005a_1","alpha diversity","shannon wiener",FALSE,TRUE,FALSE,"Oribatida","Winter","drought","undisturbed vs disturbed",1.93,2.02,NA,NA,NA,7,7,"belowground",-100,120,"Greece","Medium validity","mesofauna","Oribatida","Acari",1.1158,NA,NA,40.4333333333333,23.5666666666667,NA,"yes","Other",2005,NA,NA,NA,NA,NA,-1.76497997003927,7.60525364867349,-0.0455775084963193,NA,1.71940246154295,NA,14,0.285714285714286,0.534522483824849,0.4235
"35","Tsiafouli_2005a","Tsiafouli_2005a_1","alpha diversity","shannon wiener",FALSE,TRUE,TRUE,"Collembola","Winter","precip_inc","undisturbed vs disturbed",1.83,1.42,NA,NA,NA,7,7,"belowground",34.935305,120,"Greece","Medium validity","mesofauna","Collembola","Collembola",1.0651,NA,NA,40.4333333333333,23.5666666666667,"detritivore-fungivore","yes","Other",2005,NA,NA,NA,NA,NA,-1.46574336630279,7.60525364867349,0.25365909524016,NA,1.71940246154295,NA,14,0.285714285714286,0.534522483824849,0.4235
"36","Tsiafouli_2005a","Tsiafouli_2005a_1","alpha diversity","shannon wiener",FALSE,TRUE,FALSE,"Oribatida","Winter","precip_inc","undisturbed vs disturbed",1.58,2.02,NA,NA,NA,7,7,"belowground",34.935305,120,"Greece","Medium validity","mesofauna","Oribatida","Acari",1.1158,NA,NA,40.4333333333333,23.5666666666667,NA,"yes","Other",2005,NA,NA,NA,NA,NA,-1.96507512591719,7.60525364867349,-0.245672664374238,NA,1.71940246154295,NA,14,0.285714285714286,0.534522483824849,0.4235
"37","Tsiafouli_2005a","Tsiafouli_2005a_1","alpha diversity","shannon wiener",FALSE,TRUE,TRUE,"Collembola","Winter","precip_inc","undisturbed vs disturbed",1.45,1.42,NA,NA,NA,7,7,"belowground",38.4103512,120,"Greece","Medium validity","mesofauna","Collembola","Collembola",1.0651,NA,NA,40.4333333333333,23.5666666666667,"detritivore-fungivore","yes","Other",2005,NA,NA,NA,NA,NA,-1.69849577672364,7.60525364867349,0.0209066848193136,NA,1.71940246154295,NA,14,0.285714285714286,0.534522483824849,0.4235
"38","Tsiafouli_2005a","Tsiafouli_2005a_1","alpha diversity","shannon wiener",FALSE,TRUE,FALSE,"Oribatida","Winter","precip_inc","undisturbed vs disturbed",2.22,2.02,NA,NA,NA,7,7,"belowground",38.4103512,120,"Greece","Medium validity","mesofauna","Oribatida","Acari",1.1158,NA,NA,40.4333333333333,23.5666666666667,NA,"yes","Other",2005,NA,NA,NA,NA,NA,-1.62499277707188,7.60525364867349,0.0944096844710748,NA,1.71940246154295,NA,14,0.285714285714286,0.534522483824849,0.4235
"39","Wang_2021a","Wang_2021a_1","alpha diversity","shannon wiener",FALSE,TRUE,FALSE,"Nematoda","Summer","drought","undisturbed vs disturbed",2.93,3.21,0.17,0.07,"SE",3,3,"belowground",-30,3590,"China","Medium validity","microfauna","Nematoda","Nematoda",0.0634,0.121243556529821,0.294448637286709,42.4,128.1,NA,"no","Other",2021,0.0377705783581998,0.100494415456215,84.6593406593407,31.8190045248869,"pass",-0.0898230956215529,0.00384480436501973,-0.0912685141129485,0.00384191470913307,0.00144541849139558,0.0619831808568507,6,0.666666666666667,0.816496580927726,0.7591
"40","Wang_2021a","Wang_2021a_1","alpha diversity","shannon wiener",FALSE,TRUE,FALSE,"Nematoda","Summer","drought","undisturbed vs disturbed",24.59770115,20.91954023,1.609195402,4.137931034,"SE",3,3,"belowground",-30,3590,"China","Medium validity","microfauna","Nematoda","Nematoda",0.0634,7.16710678910402,2.78720819557022,42.4,128.1,NA,"no","Other",2021,0.342603456400343,0.113311735050908,9.3333333344735,28.2197802256804,"pass",0.14454639812339,0.0437928437759858,0.161969327962926,0.0434055592125696,0.0174229298395356,0.208340008669889,6,0.666666666666667,0.816496580927726,0.7591
"41","Guidi_2022","Guidi_2022_1","alpha diversity","shannon wiener",FALSE,TRUE,FALSE,"Acari","Summer","precip_inc","undisturbed vs disturbed",2,2,0.1,0.2,"SE",4,4,"aboveground",-100,4366,"Switzerland","Medium validity","mesofauna","Acari","Acari",1.1158,0.4,0.2,46.3,7.61666666666667,NA,"yes","Other",2022,0.2,0.1,18.8235294117647,37.6470588235294,"pass",-0.00375,0.0125265625,0,0.0125,0.00375,0.111803398874989,8,0.5,0.707106781186548,0.8911
"42","Guidi_2022","Guidi_2022_1","alpha diversity","shannon wiener",FALSE,TRUE,FALSE,"Acari","Summer","precip_inc","undisturbed vs disturbed",1.9,2.1,0.1,0.1,"SE",4,4,"belowground",-100,4366,"Switzerland","Medium validity","mesofauna","Acari","Acari",1.1158,0.2,0.2,46.3,7.61666666666667,NA,"yes","Other",2022,0.0952380952380952,0.105263157894737,39.5294117647059,35.7647058823529,"pass",-0.0998322038538087,0.00504086061135374,-0.100083458556983,0.0050376567986382,0.000251254703173998,0.0709764524235905,8,0.5,0.707106781186548,0.8911
"43","Guidi_2022","Guidi_2022_1","alpha diversity","shannon wiener",FALSE,TRUE,FALSE,"Collembola","Summer","precip_inc","undisturbed vs disturbed",0.5,0.7,0.2,0.2,"SE",4,4,"aboveground",-100,4366,"Switzerland","Medium validity","mesofauna","Collembola","Collembola",1.0651,0.4,0.4,46.3,7.61666666666667,NA,"yes","Other",2022,0.571428571428572,0.8,6.58823529411765,4.70588235294118,"pass",-0.297288563151825,0.249698625572678,-0.336472236621213,0.241632653061225,0.0391836734693878,0.491561443831007,8,0.5,0.707106781186548,0.8911
"44","Guidi_2022","Guidi_2022_1","alpha diversity","shannon wiener",FALSE,TRUE,FALSE,"Collembola","Summer","precip_inc","undisturbed vs disturbed",0.7,0.8,0.2,0.2,"SE",4,4,"belowground",-100,4366,"Switzerland","Medium validity","mesofauna","Collembola","Collembola",1.0651,0.4,0.4,46.3,7.61666666666667,NA,"yes","Other",2022,0.5,0.571428571428572,7.52941176470588,6.58823529411765,"pass",-0.123965066093911,0.146775188072678,-0.133531392624523,0.144132653061225,0.00956632653061223,0.379648064740523,8,0.5,0.707106781186548,0.8911
"45","Xing_2023","Xing_2023_1","alpha diversity","shannon wiener",FALSE,TRUE,FALSE,"soil fauna","Summer","drought","undisturbed vs disturbed",1.759278351,1.814948454,0.074226804,0.077319588,"SE",36,36,"belowground",-30,3239,"China","Low validity",NA,NA,NA,NA,0.463917528,0.445360824,42.4,128.1,NA,"yes","Other",2023,0.255609203103021,0.253149721160867,46.6228963379977,47.0758621603908,"pass",-0.0311707491247081,0.00359663917622655,-0.0311533701887758,0.00359502350096628,1.73789359323752e-05,0.0599585148328933,72,0.0555555555555556,0.235702260395516,0.7591
"46","Xing_2023","Xing_2023_1","alpha diversity","shannon wiener",FALSE,TRUE,FALSE,"soil fauna","Summer","drought","undisturbed vs disturbed",1.759278351,1.816494845,0.075773196,0.077319588,"SE",36,36,"belowground",-30,3300,"China","Low validity",NA,NA,NA,NA,0.463917528,0.454639176,42.4,128.1,NA,"yes","Other",2023,0.25539160173064,0.258423674537674,46.6626204564056,46.1151301274179,"pass",-0.0319833998235436,0.00366856059030051,-0.0320050376753076,0.00366687960544709,2.16378517640461e-05,0.0605547653405336,72,0.0555555555555556,0.235702260395516,0.7591
"47","Xing_2023","Xing_2023_1","alpha diversity","shannon wiener",FALSE,TRUE,FALSE,"soil fauna","Autumn","drought","undisturbed vs disturbed",2.217010309,1.930927835,0.100515464,0.108247423,"SE",36,36,"belowground",-30,3362,"China","Low validity",NA,NA,NA,NA,0.649484538,0.603092784,42.4,128.1,NA,"yes","Other",2023,0.336358783703587,0.272029760778167,35.4301476777021,43.8085941230105,"pass",0.137615379672158,0.00520178720045331,0.138158949680845,0.00519826172565508,0.000543570008687905,0.0720989717378485,72,0.0555555555555556,0.235702260395516,0.7591
"48","Zhou_2023","Zhou_2023_1","alpha diversity","shannon wiener",FALSE,TRUE,FALSE,"Mesofauna",NA,"drought","undisturbed vs disturbed",1.20149147,1.44249147,0.045319259,0.053548487,"SD",18,18,"aboveground",-20,396,"China","Medium validity","mesofauna",NA,NA,NA,0.053548487,0.045319259,30.05,102.983333333333,NA,"yes","Other",2023,0.037122220902977,0.0377191683266798,225.445688310461,221.877761741766,"pass",-0.182806888317168,0.000155602746291673,-0.182808129327571,0.000155599719112546,1.24101040244184e-06,0.0124739616446639,36,0.111111111111111,0.333333333333333,1.2671
